frame,Track1,Track2,Track3,Track4,Track5,Track6,Track7,Track8,Track9,Track10,Track11,Track12,Track13,Track14,Track15,Track16,Track17,Track18,Track19,Track20,Track21,Track22,Track24,Track25,Track26,Track27,Track28,Track29,Track30,Track31,Track32,Track33,Track34,Track36,Track37,Track38,Track39,Track40,Track41,Track42,Track43,Track44,Track45,Track46,Track47,Track48,Track49,Track50,Track51,Track52,Track53,Track54,Track55,Track56,Track57,Track58,Track59,Track60,Track61,Track62,Track63,Track64,Track65,Track66,Track67,Track68,Track69,Track70,Track71,Track72,Track73
0,258,214,218,238,273,240,246,207,228,212,245,208,196,193,199,188,183,203,179,199,210,208,250,233,201,208,251,248,213,228,180,204,181,182,191,174,242,187,197,215,193,263,203,218,254,218,190,179,181,200,231,213,221,186,187,174,178,181,180,199,202,198,195,172,215,241,372,240,240,247,237
1,231,200,214,236,275,239,251,220,221,214,251,225,198,177,178,194,182,187,194,185,198,222,241,240,205,205,235,243,218,211,183,213,198,192,193,186,248,197,189,201,202,248,215,224,253,219,181,200,194,185,248,204,272,171,194,179,175,184,181,203,208,201,179,181,218,235,311,249,250,233,267
2,243,202,208,238,274,225,244,219,233,222,258,208,204,197,188,203,192,191,197,190,192,205,246,232,187,212,214,247,218,228,189,205,187,190,195,178,242,191,193,199,201,254,231,201,265,203,183,182,179,190,221,215,282,178,190,173,189,195,177,201,196,199,191,173,221,243,329,231,266,253,249
3,241,198,221,237,255,236,225,226,201,221,244,229,199,188,190,182,180,194,186,188,208,222,238,247,198,203,232,260,227,208,188,207,183,202,182,188,252,178,195,217,198,246,221,226,295,213,200,180,181,182,217,217,276,174,189,183,175,167,181,192,210,196,187,171,216,254,342,240,229,242,257
4,239,207,202,233,248,238,261,219,210,213,258,219,202,179,183,184,179,193,198,197,207,215,247,248,196,193,237,257,221,202,194,206,198,201,192,190,240,188,185,214,171,246,222,220,316,234,194,186,181,191,233,202,275,186,173,175,185,183,181,203,192,191,183,165,224,237,340,236,259,268,246
5,243,204,202,230,260,223,238,226,218,207,244,232,202,184,198,177,181,193,208,190,207,219,238,262,192,198,233,250,220,228,189,216,199,189,184,186,240,197,204,207,188,253,224,205,290,211,179,187,197,188,238,206,256,176,194,169,181,184,181,193,188,193,176,181,209,232,317,222,260,260,254
6,226,212,222,239,260,243,234,216,216,225,266,218,208,198,188,183,192,189,185,199,192,209,233,240,206,195,236,252,214,229,186,199,201,183,203,195,250,200,172,193,200,246,214,239,306,223,180,173,191,186,235,209,279,186,175,182,176,178,181,203,198,187,200,190,225,240,327,241,245,242,240
7,245,204,207,248,279,260,248,224,206,221,246,227,213,185,176,187,170,204,190,191,212,217,233,244,201,199,229,248,223,220,187,213,193,194,184,184,237,199,185,212,195,243,213,214,317,230,192,177,193,189,231,197,269,182,179,178,191,198,174,199,201,189,191,183,241,244,329,237,235,252,249
8,251,201,209,238,259,236,245,228,222,219,242,206,196,195,196,183,192,202,188,190,199,201,236,238,198,203,254,265,233,217,196,203,208,191,199,185,234,187,204,201,192,256,217,216,269,232,200,180,182,195,234,201,259,188,199,182,189,184,178,204,201,209,205,181,215,237,329,233,237,237,250
9,243,202,203,230,260,237,246,216,200,227,248,212,194,181,194,179,196,194,194,199,200,203,224,246,202,197,237,242,223,225,195,205,199,200,182,178,228,184,175,219,200,258,213,220,280,230,190,186,180,192,222,196,252,177,179,178,184,180,197,209,191,195,182,179,225,222,309,247,257,241,259
10,246,217,186,224,270,237,248,233,240,210,255,218,216,190,200,201,182,202,200,197,204,220,241,240,187,193,228,258,226,216,191,199,206,202,183,185,242,190,199,211,183,257,234,215,286,210,202,170,180,175,230,209,246,182,175,179,189,186,190,198,208,188,191,166,222,249,345,242,242,241,235
11,258,179,215,250,273,247,246,221,199,229,268,225,199,197,191,196,188,199,185,186,209,218,247,246,210,204,233,241,221,226,188,214,203,184,197,190,254,186,181,207,199,242,208,208,272,202,192,187,184,182,235,200,251,185,188,183,195,191,194,193,193,193,184,174,236,242,353,242,263,245,255
12,272,234,204,208,286,237,241,238,203,222,244,215,196,176,192,191,190,206,210,198,196,214,231,247,198,202,240,249,223,221,188,217,187,205,178,187,241,170,177,210,194,252,207,218,273,224,197,169,176,183,216,210,267,195,183,176,175,187,182,195,200,204,185,173,223,237,368,245,251,245,237
13,260,245,193,224,274,219,252,221,198,222,253,225,211,181,197,208,212,216,210,190,196,203,244,249,211,205,225,230,236,245,184,202,187,184,185,179,242,193,180,195,191,253,216,220,255,216,198,174,190,202,224,193,263,187,192,175,194,189,186,201,201,197,189,180,226,245,352,232,237,244,267
14,267,258,214,223,241,233,243,224,229,204,239,213,206,200,197,219,233,248,231,190,204,193,246,237,258,229,235,252,231,223,195,209,201,189,202,177,231,199,183,217,193,242,214,222,301,217,189,172,191,187,233,200,233,182,190,183,193,188,173,185,197,194,179,171,231,248,392,231,245,236,251
15,308,288,223,234,278,223,244,209,219,220,261,213,250,180,187,222,249,262,223,200,203,210,245,250,239,225,246,236,224,232,206,218,205,199,183,176,232,179,201,204,201,245,223,215,287,210,201,197,215,196,224,203,229,191,196,169,189,184,177,222,195,196,190,201,233,257,374,223,250,243,247
16,422,290,274,243,265,244,240,209,204,215,233,228,273,175,209,268,238,238,228,214,222,247,253,267,310,238,240,245,222,207,220,220,218,194,175,196,249,187,199,207,186,247,204,207,283,216,196,181,230,196,224,200,231,183,193,178,195,181,175,208,189,182,181,192,214,230,393,232,250,255,249
17,454,300,284,248,279,246,236,220,224,217,237,226,315,203,248,240,217,257,228,250,199,255,263,303,356,237,241,257,242,219,239,219,206,196,182,182,249,199,195,202,201,228,219,204,293,206,191,186,253,203,207,208,241,187,185,186,191,190,186,213,186,183,175,182,242,251,365,218,235,263,249
18,410,304,283,252,281,249,255,224,228,203,250,202,361,188,254,300,238,261,250,236,242,262,274,288,280,276,249,263,236,227,236,229,214,184,191,186,239,187,189,192,179,227,208,205,255,210,204,183,256,212,210,204,255,194,187,178,180,179,176,199,196,197,171,187,249,269,436,236,228,291,246
19,415,330,328,257,339,248,248,209,200,239,243,211,298,203,229,259,218,280,234,247,266,341,277,275,306,251,253,249,240,222,270,244,203,179,192,184,234,184,194,206,194,244,203,211,352,218,197,189,232,218,215,207,242,179,183,185,175,175,172,208,202,203,181,183,253,267,465,241,234,285,266
20,369,318,304,247,330,228,267,216,192,206,248,203,457,195,286,256,299,241,256,248,253,323,272,274,267,271,236,267,237,228,248,234,212,182,187,179,233,187,196,188,187,246,221,194,393,213,214,174,250,207,219,204,246,177,183,176,183,166,184,207,193,204,191,184,259,261,489,244,250,320,251
21,470,327,332,301,328,234,250,220,236,201,241,227,409,199,296,357,215,249,251,251,306,347,263,300,281,239,231,279,235,213,258,242,219,197,178,182,268,182,186,201,189,236,216,209,381,220,210,174,261,222,201,189,250,185,194,181,171,182,178,209,193,193,184,183,240,296,465,243,233,300,257
22,482,327,314,279,319,250,259,217,217,217,256,214,355,194,272,329,268,265,237,235,258,300,259,281,274,243,261,257,236,224,286,235,194,197,196,183,208,180,178,202,191,235,219,202,401,208,201,181,253,237,211,206,263,177,183,187,191,182,175,203,195,199,172,175,260,280,395,246,267,308,246
23,399,313,321,292,331,240,227,219,208,203,253,222,357,195,250,329,264,243,245,225,260,271,283,287,301,256,269,266,230,221,304,241,223,187,191,185,278,191,203,202,195,241,209,206,336,211,211,196,257,223,212,196,251,193,200,178,185,193,175,212,201,201,199,185,246,289,374,240,234,297,248
24,432,327,279,285,363,256,256,209,223,192,244,219,310,189,263,288,201,273,238,237,269,286,279,311,279,262,280,258,226,219,276,232,221,191,177,183,269,196,202,200,183,246,200,183,353,232,243,186,258,225,215,208,250,182,190,181,182,198,181,199,199,200,209,195,241,257,394,252,230,297,248
25,432,300,284,277,342,242,238,228,227,211,244,214,478,200,269,318,268,253,253,235,258,311,263,292,301,281,272,254,241,224,286,230,212,212,196,190,271,201,190,197,202,242,213,218,319,228,229,178,262,225,219,199,274,187,179,171,183,180,171,196,196,195,192,179,261,278,439,227,249,316,254
26,414,306,336,267,340,258,240,217,229,217,253,214,378,196,244,305,222,280,264,218,291,282,319,266,294,292,239,255,230,237,279,241,203,192,184,192,233,187,191,204,177,251,209,187,276,224,211,185,268,216,201,198,259,185,191,182,180,178,182,195,194,183,204,186,258,279,340,229,243,311,241
27,416,284,353,256,336,256,252,200,213,219,252,233,445,204,225,307,252,284,238,239,251,258,269,266,282,274,232,259,229,218,287,232,201,201,195,195,214,191,191,195,187,256,204,214,300,234,207,182,241,224,206,211,248,178,174,180,173,199,185,195,191,192,186,189,270,312,341,234,254,308,258
28,494,277,328,260,335,256,255,222,209,216,247,218,440,195,240,291,222,269,268,232,263,268,271,277,280,272,245,263,242,225,285,240,210,190,179,195,251,189,194,197,200,241,209,197,300,239,210,174,256,230,211,202,251,180,193,188,176,180,185,199,204,191,194,182,231,308,398,230,236,261,250
29,461,272,325,250,323,252,236,210,223,210,226,219,444,192,234,290,224,252,259,237,236,270,262,277,299,278,250,259,216,218,277,224,209,189,175,189,234,185,193,195,193,253,217,210,290,237,222,189,250,219,229,197,258,189,195,176,179,189,174,206,189,204,183,180,243,264,411,238,251,280,253
30,414,270,341,232,272,252,248,219,255,231,227,215,451,187,224,298,217,260,247,244,254,262,330,280,287,276,242,258,221,228,264,233,220,183,187,190,236,181,198,221,196,234,218,199,321,221,236,170,255,235,215,207,260,189,188,182,183,193,181,206,187,195,209,182,266,275,439,234,242,272,267
31,495,275,327,246,265,242,240,216,217,215,232,229,453,204,233,276,211,249,239,217,237,269,316,268,282,304,245,252,226,235,267,218,196,202,190,184,225,189,194,201,186,248,216,204,296,214,198,181,252,231,202,200,257,196,188,186,176,178,177,213,194,192,197,178,267,264,438,234,253,288,267
32,449,297,312,281,268,241,243,197,246,212,248,224,411,183,231,270,237,252,232,224,226,263,269,271,284,263,243,244,234,219,276,231,210,181,191,195,240,183,187,211,201,243,210,183,321,218,209,187,256,224,217,199,249,192,193,175,179,191,186,204,201,198,210,183,243,279,429,234,235,296,257
33,469,305,293,286,318,234,247,196,194,211,241,235,402,185,231,269,211,260,230,217,237,261,279,267,266,280,242,262,246,233,266,236,207,184,192,175,207,178,186,201,196,239,209,206,298,228,212,182,249,214,214,203,254,194,181,183,178,204,170,204,207,202,192,173,254,257,412,239,228,278,246
34,442,287,305,285,262,254,250,216,197,218,244,218,359,188,206,265,227,244,242,234,238,330,322,265,267,277,239,248,244,202,277,218,218,193,179,191,221,197,186,182,180,220,211,188,290,222,206,180,261,207,225,200,260,186,180,192,189,176,176,200,200,210,186,178,235,238,394,241,242,288,253
35,447,286,291,292,286,250,249,225,235,212,263,217,412,199,215,261,206,271,214,226,243,313,247,268,262,269,226,252,240,228,257,231,204,182,182,182,220,198,189,200,201,240,207,206,308,213,202,186,253,217,220,205,254,173,183,193,172,189,188,213,200,197,180,183,243,242,384,236,253,283,253
36,429,284,275,280,301,228,245,207,236,210,251,217,394,200,231,246,213,224,235,209,219,244,319,290,227,271,247,250,217,212,246,233,197,185,187,190,238,184,189,195,209,238,221,205,296,221,229,175,255,222,210,192,252,189,179,180,178,180,177,196,193,205,184,185,243,242,395,240,237,276,253
37,409,289,276,290,313,229,253,204,245,224,245,208,366,195,212,267,216,248,219,212,232,250,271,264,266,263,220,259,239,233,253,233,205,195,183,192,231,186,199,201,178,240,209,190,309,207,210,169,242,206,210,188,249,195,187,202,179,183,188,191,200,197,204,183,233,254,358,243,249,268,256
38,421,275,279,276,279,233,237,214,222,198,257,225,355,185,233,267,206,224,245,215,245,259,334,291,269,269,245,257,227,220,242,224,214,175,195,182,235,187,206,199,187,250,211,185,297,218,197,179,214,202,239,216,254,179,179,190,176,180,181,194,212,202,208,167,242,237,355,219,244,260,253
39,414,273,288,246,295,242,257,203,200,206,259,210,385,181,230,251,206,219,228,213,235,244,327,247,250,247,255,248,222,210,253,223,215,194,183,187,223,179,191,191,193,232,215,213,285,213,210,199,238,203,226,201,257,195,182,176,183,179,173,200,196,186,206,196,241,247,374,243,240,284,253
40,395,285,270,252,283,238,258,215,237,211,269,225,352,194,221,262,222,235,224,237,239,244,255,245,259,253,259,256,229,206,241,223,208,198,178,180,270,180,186,191,195,242,231,198,292,212,199,175,224,222,224,198,259,197,181,179,167,177,175,197,190,195,190,167,244,252,337,234,251,270,258
41,373,286,284,263,266,234,243,203,219,216,249,212,326,191,219,246,222,219,222,217,240,236,300,251,244,236,256,254,247,207,254,227,213,188,191,176,214,179,193,212,199,254,198,195,289,216,202,172,218,206,215,204,251,188,192,173,173,177,181,191,195,198,193,175,257,242,303,236,248,267,249
42,368,270,283,261,270,233,245,216,213,203,255,216,338,183,218,274,207,222,201,224,249,246,297,262,260,253,250,236,214,220,243,226,216,199,177,195,281,184,195,193,196,224,216,175,296,218,195,192,201,192,212,211,252,173,185,177,181,192,185,196,212,199,188,169,239,244,322,242,242,267,236
43,361,274,275,258,263,239,240,196,231,213,240,218,299,176,215,244,219,239,239,212,228,241,260,249,259,245,241,248,240,235,243,214,218,195,190,174,271,196,183,204,196,226,214,196,315,214,193,186,205,198,211,204,258,176,190,179,182,182,191,188,206,194,183,181,238,265,310,239,243,265,249
44,464,265,292,262,286,241,243,197,230,208,237,222,309,202,210,215,218,221,195,205,261,249,255,266,253,241,237,244,238,233,237,221,211,202,190,194,280,183,188,204,209,248,199,200,326,226,195,180,190,188,209,204,250,190,187,166,187,186,181,199,195,199,179,189,220,250,332,235,252,261,249
45,480,262,267,263,282,243,252,221,233,211,243,219,371,199,217,216,214,239,194,206,249,263,252,251,241,238,251,249,233,232,261,227,213,186,189,180,209,184,197,199,199,239,225,190,307,212,179,186,211,186,219,199,262,183,179,182,181,195,187,204,199,209,183,186,220,265,321,233,232,281,248
46,486,271,281,257,281,236,229,203,201,210,243,189,342,183,220,210,213,221,224,193,251,289,264,235,229,246,237,252,253,211,228,224,200,193,195,193,282,185,186,198,205,253,212,197,315,218,192,183,214,187,223,210,247,192,183,194,183,183,178,211,197,192,186,179,227,246,336,240,245,271,269
47,465,254,289,229,261,239,247,210,217,194,238,211,346,191,219,232,216,215,203,211,219,278,257,250,234,233,245,253,229,221,253,222,203,195,196,178,264,194,198,198,188,254,202,203,307,226,195,167,202,190,224,208,263,187,185,175,182,193,183,197,199,198,170,163,216,256,345,238,242,276,247
48,463,252,273,230,268,251,241,207,234,207,233,217,308,205,234,217,201,221,206,205,223,283,258,252,240,226,242,265,239,216,226,221,208,189,195,186,257,200,193,209,197,249,212,198,333,208,196,192,212,182,196,220,257,180,185,180,199,181,182,205,199,198,182,176,215,252,321,227,240,275,270
49,418,259,281,228,268,235,247,198,211,201,247,220,303,203,228,228,201,238,213,191,211,273,256,255,243,231,235,258,206,215,225,230,199,194,189,184,266,191,199,201,195,255,215,211,326,208,187,179,224,191,230,203,267,184,179,189,190,179,172,195,212,191,201,191,228,257,332,227,237,248,254
50,429,249,260,219,261,240,246,213,223,215,255,206,345,193,222,230,203,218,203,206,232,268,268,243,249,228,219,242,218,221,222,226,217,200,177,176,259,174,193,198,190,254,206,201,307,212,200,179,222,201,216,210,241,192,194,185,193,190,174,202,211,200,194,179,251,253,319,228,235,263,241
51,412,258,235,231,270,249,228,211,229,204,251,199,260,189,231,227,222,223,192,202,225,232,268,239,241,223,226,235,218,216,218,218,200,200,183,166,248,185,176,206,184,243,218,207,282,217,176,188,208,204,220,207,263,188,194,180,195,184,194,195,198,192,197,188,238,268,351,223,233,264,237
52,378,231,227,241,244,238,252,207,211,213,240,211,235,197,220,208,214,213,197,197,228,226,253,251,234,229,242,257,228,203,223,218,204,198,182,189,250,185,198,198,187,236,199,213,305,214,209,192,188,183,219,208,246,189,195,182,176,187,186,199,198,212,179,185,244,264,344,246,243,252,248
53,373,232,233,233,257,238,224,214,223,217,240,229,246,191,223,217,227,208,183,196,221,230,255,252,227,213,241,254,234,213,226,211,201,193,184,184,248,181,195,199,182,244,208,201,312,209,200,182,215,192,203,197,260,187,179,194,179,186,175,195,230,210,171,186,230,267,332,243,249,264,258
54,342,225,240,235,252,240,260,199,206,228,254,213,234,205,237,206,209,217,204,193,243,236,274,252,252,223,242,241,225,220,226,231,205,192,188,194,251,183,189,198,185,254,209,209,309,204,192,175,211,204,216,217,255,187,177,191,190,193,165,207,194,204,188,171,210,262,316,228,245,257,264
55,327,235,245,231,256,236,248,196,233,214,245,212,287,188,212,225,190,201,200,198,209,242,253,244,232,230,251,249,239,229,229,214,197,196,188,184,244,182,182,201,192,241,196,215,330,214,203,190,198,194,220,203,242,177,196,186,189,184,191,193,184,209,180,177,217,270,350,240,235,276,249
56,306,230,262,234,252,252,253,214,227,222,228,226,269,190,209,217,195,197,204,206,216,246,257,240,245,222,229,217,249,223,212,219,210,193,175,191,240,185,199,197,200,251,207,195,336,197,202,178,202,179,220,202,256,187,187,182,174,189,182,219,200,186,184,175,216,266,339,225,252,273,247
57,379,231,228,228,262,239,249,208,222,211,240,211,259,194,203,226,210,222,190,186,203,254,255,231,228,218,243,240,224,225,205,222,201,189,187,201,244,193,204,205,188,251,195,195,311,223,190,188,206,184,213,196,238,177,180,187,187,171,189,208,199,193,184,171,211,271,340,243,250,243,255
58,323,241,228,233,275,222,240,208,214,219,248,224,270,198,200,201,220,229,190,196,210,235,281,237,230,212,223,239,221,230,217,215,214,186,181,196,249,176,197,196,201,239,218,218,285,206,209,181,199,187,218,197,246,187,179,169,181,190,177,212,205,202,192,178,241,229,335,252,253,246,245
59,318,220,217,224,261,243,241,214,236,224,260,220,265,184,190,210,198,209,200,193,220,244,271,233,208,221,226,239,211,227,215,214,200,190,196,177,236,180,192,219,186,229,207,198,290,215,187,189,198,186,236,213,257,176,191,189,187,199,191,195,194,207,202,174,231,235,335,238,235,246,251
60,331,236,226,240,286,234,257,192,231,206,245,219,285,198,189,198,194,193,177,194,227,246,244,238,212,222,222,214,224,224,211,227,195,192,194,191,239,200,202,209,187,254,211,195,237,209,199,180,184,185,213,205,243,182,188,186,192,171,182,196,199,193,190,189,225,257,353,248,235,250,262
61,314,218,230,230,266,238,256,208,235,220,255,225,284,191,196,215,202,206,194,189,212,214,267,245,229,222,232,227,224,223,225,225,205,192,186,180,238,200,185,184,184,248,212,200,224,206,179,180,183,186,220,219,235,181,179,182,187,192,179,207,199,182,182,180,218,232,339,237,231,241,249
62,322,223,231,211,258,232,237,214,237,209,256,221,275,180,194,223,210,204,188,196,230,210,269,243,231,217,230,229,213,231,215,229,213,189,178,182,225,192,208,198,186,252,203,198,233,206,185,186,193,188,225,203,252,182,182,188,187,196,181,205,210,201,179,184,231,263,344,226,240,238,260
63,322,209,205,208,268,234,222,219,238,223,261,223,267,203,209,229,207,208,201,177,209,237,270,246,212,206,234,228,234,207,221,213,203,187,188,199,255,184,194,192,188,263,210,212,229,206,201,185,189,200,214,206,244,180,165,179,173,185,176,196,209,194,192,178,223,257,347,235,249,232,254
64,309,226,228,230,263,230,253,207,226,227,255,223,250,189,189,206,187,198,198,199,223,215,241,248,198,208,248,236,210,229,208,205,191,181,187,185,231,193,192,205,172,254,212,214,249,211,198,179,193,196,220,205,252,197,191,185,181,182,172,205,206,191,195,186,228,255,313,239,230,260,249
65,304,221,214,231,246,240,267,211,222,229,241,232,241,201,199,198,201,200,201,190,211,216,253,250,217,213,230,245,220,221,202,215,219,190,198,196,236,195,196,188,198,253,214,193,233,208,193,183,201,188,226,213,259,180,178,174,189,187,187,200,198,194,188,187,251,269,303,235,257,274,235
66,310,220,224,226,246,244,249,202,244,241,252,219,227,190,209,201,180,192,197,199,233,237,253,254,218,207,244,230,226,242,201,211,198,220,204,197,219,186,190,200,191,253,215,201,237,207,195,193,200,183,229,209,250,200,177,177,192,190,175,207,211,188,187,174,223,259,330,227,236,248,263
67,282,215,225,227,239,236,246,212,238,274,244,220,250,186,194,193,192,182,181,197,201,230,245,247,207,216,231,234,219,227,194,212,202,254,210,214,236,179,190,203,197,248,208,199,247,204,189,190,200,187,224,202,263,204,194,177,169,178,188,205,209,190,180,187,213,274,315,242,253,265,244
68,307,218,220,222,247,228,233,211,216,295,259,241,245,181,207,220,193,197,191,189,204,219,229,227,205,203,243,231,222,214,196,235,190,299,207,228,260,188,186,202,199,253,219,201,287,202,194,185,194,178,223,207,351,211,208,160,189,187,181,204,200,189,192,177,237,242,308,224,243,238,248
69,294,202,219,220,251,214,239,229,208,323,262,253,260,185,209,216,204,199,189,203,219,218,254,252,215,215,236,241,224,236,206,217,197,353,244,241,289,199,205,201,226,251,222,193,255,211,201,185,184,182,210,203,315,231,219,181,175,191,184,200,195,198,176,183,212,254,316,236,238,256,241
70,291,212,211,225,251,240,240,218,207,263,264,264,250,186,204,206,193,202,190,193,207,213,226,237,201,210,230,234,227,227,193,225,221,368,212,255,318,207,192,211,269,244,220,193,254,223,181,193,197,177,228,210,404,208,216,190,171,193,184,199,194,193,174,171,222,241,295,259,256,260,261
71,288,209,223,228,241,227,258,206,232,322,299,268,220,193,200,197,191,208,198,211,209,204,235,228,213,198,244,251,217,231,197,223,210,312,224,279,369,207,182,219,221,245,205,195,260,187,186,194,183,192,202,215,488,218,243,174,190,183,190,214,199,203,183,180,231,235,323,248,262,238,241
72,295,208,225,217,248,231,233,208,236,336,300,256,217,197,209,191,191,201,193,199,210,218,221,228,206,198,229,244,228,209,193,219,201,423,289,249,351,205,187,215,246,237,208,200,256,204,197,182,196,177,220,210,349,219,228,186,180,190,192,212,185,205,181,186,238,243,311,264,242,264,247
73,301,204,213,217,234,222,227,205,221,298,310,302,243,192,215,211,184,203,180,182,205,207,242,238,209,210,219,245,230,231,188,219,203,399,260,249,337,228,206,221,279,244,201,200,227,196,184,199,195,198,227,200,359,240,215,183,170,180,182,214,204,184,197,182,220,238,295,261,243,233,247
74,275,217,224,205,247,226,231,210,245,278,314,259,258,188,188,198,197,203,196,191,210,208,229,229,206,192,236,246,220,217,201,215,199,291,245,275,344,196,196,212,229,238,214,194,265,210,190,176,194,182,223,205,507,220,206,171,182,191,186,198,210,192,202,174,221,221,276,243,241,214,252
75,304,222,201,217,232,212,236,205,213,410,316,258,238,200,215,196,178,204,211,201,185,226,252,252,194,196,216,249,224,207,193,218,197,376,247,274,318,221,189,227,244,258,213,195,281,205,182,182,182,188,223,198,338,206,215,184,191,185,206,210,202,194,188,178,231,221,287,269,238,241,260
76,267,199,207,209,235,213,238,216,222,368,349,294,197,194,195,203,201,190,202,192,204,205,239,242,197,202,225,221,224,211,187,224,211,420,216,267,345,219,181,218,265,243,208,197,262,199,188,189,182,179,222,193,448,217,222,179,178,185,187,222,216,193,167,179,207,223,319,262,242,250,259
77,271,204,208,232,248,214,255,202,233,382,343,299,245,182,211,192,192,202,188,189,194,201,229,247,194,204,242,247,232,213,185,225,217,304,219,270,306,211,188,230,264,228,206,183,235,200,191,186,194,180,219,203,437,228,222,180,180,183,190,200,198,201,177,179,246,235,286,271,231,238,265
78,264,219,203,226,241,221,232,227,250,346,293,268,226,197,190,192,191,191,184,183,200,187,228,243,217,200,216,240,228,218,186,223,221,360,244,240,315,211,201,218,270,229,199,185,231,201,198,179,183,198,217,189,368,253,211,182,183,192,193,207,203,193,191,175,233,226,280,270,238,240,254
79,279,213,214,229,233,223,241,221,243,295,321,283,197,194,188,212,195,191,188,190,187,198,209,237,201,198,234,232,216,226,188,206,201,307,254,229,241,215,187,211,272,240,201,186,236,219,202,170,190,199,211,193,451,238,228,177,181,182,191,204,200,202,181,182,226,239,308,248,257,230,247
80,276,202,197,212,232,225,244,186,213,378,312,270,237,187,199,209,189,199,188,201,187,205,227,221,192,197,224,242,212,206,198,211,215,315,263,240,329,202,186,213,260,232,216,212,241,192,188,196,192,187,215,194,509,214,215,179,185,186,183,206,197,195,192,187,236,253,309,269,249,248,251
81,292,197,199,207,235,223,231,214,212,363,285,261,241,196,181,186,182,203,199,201,195,200,233,241,209,184,236,242,221,215,196,206,216,309,275,227,332,216,182,204,255,235,221,204,224,198,203,182,187,190,215,193,492,224,222,182,197,171,195,225,211,192,184,180,217,225,306,242,251,220,247
82,291,199,195,209,241,222,220,202,226,338,335,247,236,198,194,190,180,201,187,185,205,200,223,235,207,195,230,223,211,227,184,220,199,314,201,234,338,177,193,216,214,244,203,187,242,192,182,176,205,191,224,210,551,230,207,184,184,193,175,229,198,196,190,178,215,220,307,241,259,240,265
83,271,206,210,207,249,228,248,216,216,321,330,277,207,196,188,185,206,196,181,194,202,197,239,227,197,199,230,222,218,200,171,233,214,359,284,231,346,199,205,205,248,240,216,197,212,185,191,182,190,187,230,198,511,214,212,191,175,185,187,227,199,189,185,193,196,224,293,251,253,239,234
84,270,200,196,217,249,235,248,209,228,310,316,277,201,188,181,179,189,185,176,191,193,196,237,243,201,190,221,239,230,212,184,232,199,354,255,231,349,192,188,206,257,245,214,193,219,198,188,191,200,185,214,200,475,183,201,175,182,179,186,230,198,191,187,183,233,220,304,243,232,229,256
85,259,197,207,219,254,216,233,211,218,297,368,271,216,189,203,191,191,186,184,181,195,200,238,230,212,211,215,248,227,231,193,221,213,338,252,217,344,188,196,204,241,243,217,202,238,215,189,193,183,197,223,200,350,194,210,176,174,192,201,212,202,189,191,174,231,230,311,271,239,246,251
86,263,209,202,201,244,228,232,220,221,272,345,263,227,194,186,193,187,191,189,205,199,210,199,243,199,198,239,246,250,223,186,211,211,330,221,227,326,204,180,209,250,252,212,186,244,206,183,184,186,188,229,195,424,186,227,180,175,174,195,213,204,194,170,196,251,231,311,260,246,217,232
87,258,216,192,221,250,205,235,210,233,346,338,263,221,200,204,182,187,187,195,183,201,193,236,246,203,196,216,242,222,220,200,214,207,396,215,217,320,189,195,214,238,248,209,188,244,198,195,183,173,185,224,197,426,203,218,173,183,190,199,222,200,196,196,183,235,225,311,259,245,243,247
88,248,201,188,199,210,215,249,212,219,334,337,252,209,191,191,200,183,185,184,183,207,197,232,225,193,204,235,234,222,224,177,230,218,379,189,223,295,187,196,215,240,233,203,194,239,196,183,190,186,186,234,194,393,188,219,177,172,175,185,225,201,200,169,179,209,236,312,263,230,223,246
89,249,198,209,213,221,218,253,211,220,323,338,260,217,196,186,196,184,199,186,187,197,195,247,227,199,191,236,240,230,232,182,243,223,387,247,214,283,182,183,213,219,240,212,184,242,198,191,190,185,180,227,195,329,197,211,180,194,175,186,215,197,185,177,176,223,214,314,238,244,257,230
90,254,200,205,202,232,220,240,202,208,319,305,252,216,196,186,190,213,175,193,200,201,195,241,244,189,197,226,235,240,228,186,214,211,381,240,213,274,212,190,212,222,243,201,190,244,202,181,190,187,179,221,205,427,200,216,182,184,198,181,219,190,187,180,166,239,232,311,237,233,236,244
91,262,209,197,211,226,224,243,187,233,297,308,249,195,185,189,188,193,195,196,188,210,195,227,246,195,195,238,244,216,228,199,216,205,367,205,212,260,192,197,205,225,246,204,189,247,208,191,193,194,182,212,198,353,189,205,165,184,195,197,220,194,198,189,173,224,222,340,250,240,233,259
92,250,211,193,190,235,205,239,192,222,285,315,240,216,203,186,192,177,201,193,201,208,201,231,240,186,199,229,222,221,220,199,209,221,328,200,215,304,192,197,204,224,239,221,205,248,195,198,185,190,202,221,181,391,196,213,170,168,190,186,209,205,182,179,190,218,241,317,240,251,243,235
93,247,200,197,222,226,213,234,202,226,283,303,232,211,183,188,192,194,187,184,192,208,198,223,222,186,184,215,243,226,225,194,216,212,331,231,215,280,191,189,220,219,250,211,184,248,205,201,182,190,180,223,199,338,187,191,171,192,183,184,221,199,199,182,174,214,239,331,246,224,238,240
94,250,195,193,212,230,230,243,195,212,298,294,248,224,205,181,196,187,194,185,205,210,195,224,244,190,191,219,242,247,204,196,219,206,283,232,225,286,186,193,212,208,240,213,186,256,206,202,182,200,178,225,196,325,198,197,187,183,172,184,221,206,191,201,192,244,226,316,253,234,228,259
95,238,186,203,220,238,232,233,205,212,274,292,240,230,204,179,189,183,191,190,183,194,204,197,246,193,201,226,234,229,226,190,221,205,302,222,210,227,214,201,204,205,243,214,191,224,186,196,188,191,194,254,190,347,194,188,185,177,182,193,218,200,192,185,172,219,230,310,244,238,247,247
96,258,209,198,208,242,235,243,194,211,286,274,231,230,193,198,187,191,181,189,188,196,202,226,243,207,185,221,250,216,209,179,217,218,275,220,221,253,190,210,209,213,251,215,196,251,215,195,186,201,186,222,200,342,194,200,181,178,188,188,222,199,187,179,175,199,224,304,240,241,241,240
97,256,203,200,220,238,230,248,212,259,270,285,253,210,193,187,184,191,197,196,187,205,195,218,222,199,186,215,239,224,209,200,205,207,351,226,218,338,195,204,236,206,243,192,194,224,198,190,181,191,188,238,194,336,200,199,185,196,185,175,203,195,201,179,178,232,235,325,252,240,228,240
98,247,208,197,213,240,224,228,200,216,280,281,247,223,193,197,196,176,179,197,194,197,185,224,219,202,199,210,236,229,227,185,219,210,317,232,196,322,197,203,205,215,240,210,186,242,208,191,177,182,182,230,200,352,198,199,197,183,173,190,221,195,182,178,176,244,257,310,256,230,239,242
99,247,198,205,209,222,213,229,205,246,325,286,252,198,189,194,192,201,191,196,188,197,208,230,237,191,186,234,231,223,238,200,232,207,275,214,224,280,199,189,223,216,253,201,199,232,219,187,194,195,192,232,201,427,199,203,177,179,191,179,214,182,196,187,194,225,245,307,239,236,220,250
100,244,204,219,209,223,227,242,221,252,304,291,245,236,191,193,178,187,206,184,182,194,191,212,220,200,204,233,243,230,220,212,234,229,345,216,202,278,192,195,219,212,228,211,185,243,200,198,175,199,187,224,212,426,195,189,176,178,195,196,230,196,203,177,181,210,235,327,250,246,250,245
101,244,202,203,218,232,216,228,201,212,265,286,229,230,207,200,192,182,194,199,192,194,197,241,253,200,200,228,244,197,230,208,228,241,330,218,196,310,199,209,208,230,244,209,187,239,204,183,189,197,188,225,218,419,199,192,179,182,193,184,215,200,187,190,182,217,242,349,243,232,241,251
102,242,198,202,201,245,240,246,199,240,257,282,240,284,195,204,209,192,198,202,202,181,192,212,248,184,203,232,236,234,220,230,245,227,324,201,206,338,191,203,194,221,242,208,195,236,189,195,182,210,194,223,206,439,193,196,179,172,189,192,220,193,180,189,194,245,242,342,234,240,237,221
103,260,225,221,214,223,236,238,193,217,242,287,227,365,198,232,204,204,202,220,185,189,206,230,228,203,204,226,239,235,229,263,228,227,362,200,208,297,220,216,214,220,234,196,197,231,196,186,183,239,212,220,205,354,188,190,177,170,178,183,223,205,173,182,183,204,219,361,245,240,245,239
104,280,242,215,220,225,230,232,195,223,241,253,233,378,188,259,212,202,219,212,219,202,208,242,249,222,212,227,243,226,230,268,258,251,392,210,219,347,211,254,204,208,244,199,201,239,193,192,194,228,200,213,210,425,193,198,177,190,186,176,211,195,192,187,186,215,253,356,247,235,238,263
105,291,254,220,241,246,237,241,184,216,244,278,235,399,188,291,247,247,247,230,226,218,233,226,262,220,225,241,263,233,238,267,244,248,374,219,243,268,212,276,210,202,238,206,195,239,208,190,174,280,202,221,191,391,188,185,178,183,191,183,212,193,183,183,179,219,236,392,244,218,244,265
106,339,294,258,256,234,233,227,200,206,290,289,240,471,189,245,237,260,287,221,214,228,244,244,260,221,252,260,269,240,229,287,280,280,313,217,244,312,225,315,206,206,250,208,210,269,218,187,180,265,202,212,207,401,206,190,176,169,179,191,207,202,190,187,182,212,234,389,245,253,231,261
107,343,297,277,265,290,229,234,212,197,273,296,248,412,202,363,281,247,252,251,227,241,226,246,275,244,235,231,259,250,253,288,289,283,453,249,259,420,215,303,201,207,250,199,232,252,215,211,186,261,206,217,204,387,194,200,180,184,170,173,212,197,190,186,175,253,234,358,245,225,245,264
108,374,323,270,300,291,235,236,199,226,319,270,242,387,197,323,243,274,282,234,218,267,268,267,303,300,245,262,248,268,250,293,266,283,334,270,245,381,237,321,194,207,236,202,250,396,216,241,180,258,241,226,204,327,211,215,181,175,172,196,199,205,189,185,188,272,251,421,240,240,241,266
109,376,344,281,332,353,218,231,211,247,276,281,253,499,206,363,273,219,258,231,225,250,254,266,276,278,273,285,269,270,220,323,315,265,410,244,265,354,251,313,196,216,231,215,293,371,279,259,194,243,223,210,198,348,222,207,184,176,194,189,215,195,184,190,180,234,284,467,241,238,254,260
110,399,265,331,299,374,240,239,220,217,298,320,273,540,186,298,279,250,249,233,238,256,321,261,304,280,260,295,269,268,222,315,271,279,398,264,260,365,265,307,200,204,243,213,303,301,275,248,183,280,212,205,190,411,196,204,178,182,181,182,217,209,204,188,182,270,273,454,258,257,244,260
111,381,338,312,374,393,246,255,216,218,320,336,281,379,201,298,280,230,280,245,235,289,281,260,295,321,264,300,271,266,219,303,305,278,327,318,257,386,230,332,213,194,243,210,290,308,252,254,187,293,210,227,200,445,208,224,176,185,184,171,221,190,192,187,179,267,263,412,255,221,222,284
112,366,320,282,355,397,258,234,218,233,320,336,293,370,199,332,344,225,271,238,248,244,263,281,288,254,261,251,270,258,243,307,304,297,436,261,275,426,211,312,198,221,252,206,312,430,282,223,188,254,224,205,204,504,207,220,187,172,190,201,211,199,173,187,176,262,251,417,238,232,238,272
113,353,289,347,357,355,228,252,226,233,330,340,297,354,195,364,306,222,241,227,229,253,347,259,323,289,259,254,287,258,212,311,320,295,420,262,273,445,238,287,203,230,248,210,275,475,255,210,186,255,238,217,203,446,211,208,176,178,170,184,213,193,182,191,179,262,271,407,252,212,279,301
114,362,298,316,364,325,225,254,206,207,340,328,321,536,180,351,269,223,217,258,238,232,309,272,301,244,250,255,265,223,249,328,318,285,312,304,250,337,230,312,200,220,235,204,298,463,250,213,183,220,240,209,196,491,202,207,177,185,174,191,207,200,200,183,177,251,294,425,239,237,260,283
115,381,293,289,310,326,238,241,207,253,372,311,299,439,191,361,265,259,255,246,213,252,286,279,264,285,261,262,277,263,239,312,337,295,344,294,275,352,234,320,200,225,228,214,314,366,232,268,171,247,235,220,207,509,201,209,179,176,185,204,204,198,197,196,172,258,267,416,272,230,251,255
116,364,289,347,374,346,259,239,208,235,289,340,311,470,201,397,248,237,259,223,228,257,263,256,285,272,254,279,257,267,235,288,264,286,364,285,276,377,203,314,206,201,224,220,280,408,228,243,186,279,232,221,217,538,232,213,170,184,188,190,203,195,193,195,165,278,272,403,265,232,263,276
117,401,282,340,393,354,254,232,210,227,296,320,315,463,194,398,333,234,260,231,225,233,263,255,275,269,267,289,269,256,245,260,271,319,400,287,263,378,249,308,209,216,238,199,255,421,322,242,181,274,238,209,209,582,215,217,175,187,178,169,204,191,197,173,195,272,273,344,238,225,263,286
118,407,288,341,379,354,246,230,197,239,294,320,295,444,209,314,305,212,237,216,214,239,343,277,287,265,249,299,246,253,251,313,277,274,439,237,263,325,230,306,199,216,245,197,245,432,311,238,178,270,208,237,191,543,213,207,177,172,181,175,213,200,189,190,183,260,260,354,230,213,275,269
119,404,337,325,359,358,243,228,218,234,289,308,334,461,201,319,298,203,253,238,211,268,360,257,295,270,242,279,249,269,237,298,271,263,361,248,222,325,225,288,208,230,251,208,245,336,260,224,187,260,201,231,214,536,206,205,192,169,195,180,219,197,195,189,180,267,250,349,236,247,258,266
120,381,322,296,324,377,262,236,210,234,308,311,322,473,205,341,292,198,233,223,228,275,326,263,279,270,261,277,238,246,255,295,271,282,394,231,252,392,230,291,192,208,234,216,255,342,285,224,179,247,198,216,213,589,228,193,180,180,168,197,216,196,182,197,188,254,274,378,271,234,256,254
121,397,326,283,317,388,254,232,204,231,305,332,323,463,196,308,273,212,244,220,227,258,308,244,297,264,251,280,262,280,236,282,272,258,449,207,248,338,221,294,201,211,244,205,318,363,294,226,184,272,195,220,216,429,214,225,175,188,177,184,196,188,200,187,166,254,275,368,248,256,239,242
122,395,315,268,294,341,241,239,225,233,303,326,297,422,170,308,260,207,225,214,226,223,281,265,305,239,262,259,271,289,220,306,289,271,302,227,218,321,210,286,218,217,245,197,332,351,270,231,182,267,194,220,195,501,201,234,195,186,185,189,212,185,200,195,167,229,264,392,253,237,251,262
123,415,308,265,268,360,239,224,213,228,300,316,291,439,185,300,240,211,231,216,225,229,268,235,308,241,263,271,252,288,230,285,286,265,283,231,251,315,216,272,208,202,254,202,319,335,252,214,196,259,187,209,216,454,219,236,181,194,181,173,210,193,193,201,183,247,289,386,246,216,257,261
124,417,268,291,269,349,234,240,195,254,313,285,236,406,180,312,230,207,238,215,208,232,258,251,318,236,242,261,270,298,217,312,266,258,263,232,223,338,206,285,191,203,217,189,343,330,253,220,196,260,216,231,226,389,209,216,179,178,182,192,193,182,198,194,184,267,263,373,229,239,265,245
125,396,301,283,349,337,223,234,205,231,328,305,260,326,197,316,252,198,227,212,217,237,259,262,298,244,270,233,252,283,232,294,286,261,273,249,235,319,216,289,211,208,228,197,325,290,239,205,176,243,205,205,201,394,207,220,176,180,181,184,214,199,201,195,175,234,283,367,232,233,249,265
126,393,270,295,321,341,248,257,213,235,336,311,250,316,198,319,228,226,220,195,233,235,233,250,301,234,251,225,252,265,245,286,241,254,293,229,216,296,203,280,201,203,249,206,322,294,231,208,180,258,211,208,214,399,217,216,176,180,177,176,200,192,190,187,182,257,291,384,238,228,247,278
127,404,261,296,323,350,233,245,213,245,324,268,262,311,174,297,228,202,237,208,215,213,261,234,296,236,230,249,244,272,228,269,295,264,282,216,211,308,226,273,210,198,235,213,308,302,249,205,175,245,205,224,216,413,212,214,179,192,180,180,200,193,197,194,174,227,290,375,233,236,266,253
128,413,259,279,311,323,234,242,227,239,340,257,251,324,194,311,229,225,217,219,222,220,235,240,288,240,267,236,256,271,224,277,297,281,288,213,221,369,209,245,195,188,233,207,313,281,215,210,187,247,199,210,209,408,211,224,183,181,180,178,212,182,190,180,170,248,294,361,251,237,256,272
129,418,266,294,336,324,246,229,197,238,345,274,252,316,183,301,228,194,213,211,215,231,239,237,300,271,261,238,258,263,233,278,264,268,274,205,224,303,213,248,213,197,232,196,324,285,238,211,196,244,187,223,195,382,203,214,178,182,178,185,213,192,188,188,177,227,264,298,234,234,256,251
130,373,240,281,330,346,231,230,217,228,350,286,264,306,187,307,234,215,227,221,218,252,227,273,293,237,257,238,252,246,223,285,293,250,289,218,217,375,208,245,197,218,225,211,305,275,229,200,177,259,192,221,188,417,210,208,174,186,176,191,208,189,202,191,172,256,272,361,247,236,261,255
131,412,262,280,336,323,237,230,223,251,346,292,264,320,202,288,219,210,247,225,207,252,233,236,288,240,227,250,252,264,240,272,303,255,298,225,228,365,201,261,198,199,250,212,286,277,224,204,176,232,200,224,185,440,196,215,182,176,183,183,202,192,193,188,173,257,301,361,231,239,246,252
132,416,246,268,302,343,241,230,225,226,348,286,272,316,196,287,215,210,227,224,213,257,223,252,279,255,229,230,234,232,222,252,310,266,282,225,216,378,205,241,211,203,238,206,302,390,232,205,192,235,192,220,214,418,210,224,176,187,192,196,203,189,186,182,182,226,300,312,216,232,265,251
133,411,261,261,309,347,257,227,231,247,274,291,277,298,188,298,236,193,212,221,220,223,286,251,280,265,269,242,239,265,233,262,281,245,276,222,200,390,195,240,205,191,261,211,273,416,240,205,188,227,195,217,217,428,198,177,178,191,172,184,209,185,188,185,175,216,274,356,237,229,245,257
134,402,265,262,301,331,251,224,205,215,276,287,266,310,204,277,214,215,211,210,207,240,291,263,307,266,240,249,251,240,228,268,274,255,280,206,226,357,202,247,192,203,240,208,284,412,229,199,192,232,202,219,213,432,202,202,176,187,174,194,203,199,193,190,171,245,283,307,251,234,252,251
135,396,252,257,295,353,239,231,229,197,284,292,271,306,199,261,224,201,209,195,205,253,274,248,279,250,221,248,242,238,233,261,290,243,274,211,205,368,203,253,207,199,250,203,278,418,231,205,194,214,185,224,215,409,204,207,169,185,194,180,201,181,172,192,179,231,303,311,247,237,251,251
136,393,227,246,280,340,208,237,215,198,296,287,270,303,205,284,218,203,235,196,230,255,219,276,280,261,240,242,249,217,230,267,271,246,291,206,218,372,206,246,204,200,244,218,273,406,260,201,207,231,183,219,206,420,199,206,170,192,183,187,226,195,198,202,171,233,265,313,232,232,263,252
137,394,247,246,299,341,224,234,205,195,283,300,266,277,200,258,213,190,203,198,205,210,273,252,269,262,254,239,264,239,233,258,245,253,269,196,220,350,217,246,191,197,237,200,273,395,226,204,184,232,187,217,190,398,214,190,177,189,172,182,211,191,195,199,178,253,279,294,232,246,269,246
138,384,251,236,283,340,229,257,226,220,276,290,260,303,193,261,210,209,209,203,198,225,232,263,258,255,246,227,237,231,225,249,292,248,268,215,216,347,200,233,210,190,243,200,283,392,232,203,196,214,188,224,210,353,208,201,175,166,180,171,204,193,184,179,189,239,281,331,237,243,253,256
139,387,247,249,277,333,244,229,221,230,290,286,255,301,190,267,214,192,218,200,206,214,223,245,260,253,235,238,254,248,228,262,278,254,275,215,212,364,214,223,197,191,243,212,261,386,231,203,201,222,185,215,215,419,199,198,169,178,180,183,191,191,194,180,175,240,273,315,253,240,270,267
140,387,235,244,271,338,229,237,216,237,279,280,269,292,198,243,207,199,225,193,198,234,277,242,263,251,214,225,254,218,229,264,244,224,273,187,223,327,213,241,188,187,246,193,257,384,266,215,165,200,202,213,192,427,209,205,192,187,193,186,212,183,185,191,189,220,291,319,239,241,259,254
141,396,256,245,275,336,229,231,194,240,272,292,258,281,190,262,223,225,226,191,197,207,258,258,271,261,258,234,268,223,232,244,251,260,251,230,215,321,205,251,193,198,221,211,260,395,235,207,187,191,198,228,210,421,202,205,182,169,191,182,211,196,191,176,180,225,271,318,239,224,257,250
142,373,248,261,272,324,215,256,229,215,285,283,264,276,193,249,221,212,213,195,199,216,215,240,268,250,221,227,252,227,214,233,275,225,237,226,200,317,214,238,190,184,239,217,260,382,236,192,184,187,198,227,215,416,200,195,178,191,190,188,195,202,192,179,190,248,277,301,240,235,258,263
143,360,250,249,259,321,236,229,214,242,245,330,237,327,199,253,227,208,227,196,197,213,259,240,272,241,221,242,262,233,219,234,280,236,253,225,225,300,215,224,207,198,236,199,258,349,223,189,184,212,188,210,205,376,198,194,192,187,187,185,196,192,202,196,181,227,275,323,243,229,252,245
144,365,243,251,253,305,233,246,215,250,244,284,276,346,193,271,218,212,217,210,185,209,220,245,278,238,201,233,235,225,222,234,276,227,246,206,208,272,212,228,196,175,233,218,264,366,247,202,180,206,197,210,204,404,181,198,175,188,188,185,208,190,204,185,180,227,271,333,238,245,259,254
145,360,231,253,249,313,214,236,219,231,246,265,244,345,200,282,226,206,219,194,196,217,215,239,261,235,223,220,249,245,232,233,282,233,318,201,190,251,200,223,198,194,231,205,265,380,231,205,185,199,188,209,208,380,177,207,179,184,193,178,196,184,211,185,188,256,268,315,241,239,265,239
146,360,234,253,263,306,229,234,206,233,258,258,247,345,197,263,212,202,209,203,209,220,226,253,260,247,230,235,242,216,229,235,242,228,320,213,196,317,205,223,221,180,242,203,259,383,245,200,180,219,199,209,204,391,194,204,186,186,178,185,215,190,183,185,174,238,267,322,237,237,258,234
147,337,247,255,262,303,219,231,223,247,240,252,249,340,188,205,209,205,216,202,192,222,236,245,272,227,213,221,249,223,213,250,228,232,298,199,206,295,201,222,202,189,250,211,248,360,226,205,173,197,190,214,199,364,188,199,185,188,197,188,202,194,206,183,191,254,262,319,213,230,256,239
148,326,228,227,265,281,230,257,210,248,231,246,243,336,191,260,205,200,211,193,195,223,224,240,272,220,216,248,235,228,214,232,257,218,275,211,217,274,206,220,200,208,230,201,247,347,231,186,183,192,195,207,217,343,201,183,188,187,184,188,202,196,199,184,177,250,270,323,232,224,265,245
149,319,246,216,251,315,221,236,205,246,255,260,219,334,194,218,208,205,205,197,199,226,230,237,255,240,217,216,231,242,236,232,256,212,266,211,194,303,182,219,198,202,227,202,256,328,251,182,185,213,190,212,205,318,198,192,182,180,193,183,216,202,190,187,186,197,276,313,232,245,248,242
150,312,252,239,264,287,225,235,202,254,290,258,227,257,200,215,211,201,217,189,205,213,236,226,253,232,221,245,248,233,219,228,255,223,254,208,199,282,193,229,204,200,231,208,253,343,220,193,186,217,188,219,201,297,193,189,178,200,184,180,200,195,196,196,186,212,259,338,234,231,245,236
151,270,233,220,246,297,218,247,212,243,294,270,239,247,200,210,213,207,214,196,198,215,226,242,271,218,209,266,251,235,209,217,233,232,211,204,198,285,198,212,200,188,247,178,245,327,199,184,185,188,180,224,192,301,195,202,174,187,202,179,206,218,199,191,191,216,241,319,253,243,253,251
152,272,231,218,242,287,219,233,204,234,291,274,230,233,173,215,223,194,203,196,187,229,235,219,243,226,219,224,265,230,231,234,261,237,282,194,205,269,201,214,195,198,233,203,238,333,239,196,173,191,185,216,210,312,192,184,174,188,193,178,199,198,188,180,181,217,268,331,218,233,238,251
153,273,207,215,253,289,226,224,213,245,249,273,231,242,197,217,221,188,220,193,195,223,233,234,254,220,222,247,240,223,209,232,263,229,287,189,202,316,191,212,203,194,240,203,259,317,201,191,176,184,202,229,192,306,191,177,176,175,181,181,199,198,190,191,170,215,237,332,216,231,259,233
154,263,209,223,260,298,213,239,214,232,238,256,223,265,186,224,194,191,210,185,177,219,232,218,255,233,202,240,253,225,213,228,254,222,306,204,202,298,195,213,215,177,259,225,256,316,214,187,168,200,191,230,201,312,192,182,190,190,186,175,206,196,188,192,178,209,238,308,222,240,250,224
155,292,220,221,260,291,211,234,207,213,250,279,231,283,188,236,211,184,210,211,195,209,231,223,244,223,219,227,244,257,227,215,252,215,283,207,202,296,193,215,195,202,241,193,261,250,211,195,203,193,190,230,194,315,195,195,169,182,181,194,202,197,204,187,192,223,230,307,233,250,249,246
156,293,197,229,257,253,224,238,223,221,303,263,248,279,198,222,208,184,203,194,187,208,222,229,250,225,221,229,252,231,219,227,248,222,267,203,193,280,192,214,217,195,240,204,239,248,196,191,185,185,180,208,196,282,188,192,191,185,196,179,206,186,188,186,174,230,256,311,237,239,242,247
157,314,219,223,272,273,228,245,218,207,289,258,251,285,192,242,207,201,218,202,198,216,211,234,248,218,212,228,248,233,207,217,252,220,245,203,206,263,189,209,200,195,231,196,212,266,212,190,183,189,186,222,194,293,194,189,183,188,189,189,206,187,197,189,175,233,248,324,228,238,253,239
158,320,212,230,288,259,231,238,208,218,303,271,245,276,202,216,199,195,192,202,191,213,218,229,262,226,205,223,241,207,212,232,228,228,234,209,193,266,197,198,221,192,243,196,203,275,221,204,179,189,186,225,203,304,193,185,190,183,185,186,200,196,187,182,181,229,250,305,222,248,258,242
159,302,219,227,257,275,232,231,210,230,285,265,239,270,193,222,207,192,219,198,195,206,217,233,257,221,223,232,231,241,226,219,246,243,218,194,193,268,180,192,184,199,251,193,245,273,214,186,185,196,191,229,192,400,189,183,180,190,195,174,212,195,189,192,180,240,245,303,232,241,244,201
160,317,224,217,212,272,208,236,212,219,300,281,240,271,177,219,223,201,198,190,184,220,219,221,246,232,209,234,247,215,206,230,260,219,269,198,198,273,193,195,195,187,242,201,208,253,221,192,185,197,177,225,194,370,212,188,175,186,191,198,203,199,192,180,185,242,242,292,225,247,242,242
161,302,233,225,222,265,229,238,211,201,290,248,246,262,198,197,197,202,197,193,185,212,245,233,239,226,224,228,248,231,219,210,251,225,263,182,193,263,198,192,217,188,237,196,191,271,214,203,178,194,184,217,193,373,184,183,189,179,184,185,204,194,190,188,183,212,232,301,224,233,246,252
162,325,221,235,237,257,220,247,204,201,299,245,235,308,181,214,192,192,193,204,200,199,223,221,232,228,202,238,245,227,227,230,240,206,283,201,195,240,195,195,202,191,234,210,205,266,234,195,187,200,177,232,213,391,189,184,181,174,188,183,189,187,191,190,174,213,243,309,232,230,245,248
163,326,203,206,227,249,222,225,214,214,295,261,241,288,181,227,201,198,214,188,199,195,239,238,226,207,198,226,242,250,213,215,234,229,259,226,196,270,193,197,198,205,246,199,217,253,218,207,179,191,185,213,196,332,185,180,184,187,176,179,219,188,185,199,185,212,252,286,213,217,249,240
164,331,213,227,226,247,231,239,210,226,231,260,221,226,195,234,217,200,199,188,198,211,198,247,255,228,220,245,235,228,218,216,245,210,259,204,198,253,192,209,200,177,246,218,201,271,233,189,178,190,188,227,198,333,198,186,184,185,184,187,212,197,191,187,186,212,256,283,233,241,233,238
165,312,204,205,238,247,229,228,206,227,300,242,226,234,194,215,197,196,203,194,181,206,196,241,230,215,222,256,240,238,224,218,243,225,233,184,208,300,194,192,199,194,248,208,206,255,224,183,184,186,187,210,208,315,187,178,179,195,181,193,207,195,197,186,180,217,234,291,237,238,231,246
166,286,200,182,254,263,223,232,215,218,307,251,220,219,182,234,211,199,192,181,180,206,215,221,254,223,217,231,233,224,219,203,240,228,216,187,181,281,187,193,203,189,237,198,203,283,219,193,183,185,180,235,200,319,192,196,179,182,183,171,205,192,194,190,184,217,273,289,244,241,228,243
167,294,218,211,238,263,228,241,210,212,237,260,232,229,193,222,190,196,197,197,181,207,207,225,238,205,211,249,235,232,236,219,229,218,229,194,207,290,185,204,194,197,250,213,209,269,200,166,192,189,192,206,191,341,180,186,185,190,181,177,213,202,202,191,197,231,239,303,234,228,245,250
168,297,208,211,243,263,222,234,218,229,251,261,223,241,186,212,192,191,199,181,189,203,218,228,248,215,217,244,245,241,220,207,226,244,227,200,200,259,184,193,204,192,244,221,207,275,211,198,191,183,176,214,199,317,183,195,190,179,181,192,223,200,188,178,184,228,268,314,232,242,256,241
169,280,211,228,219,256,239,242,214,221,237,247,227,266,198,203,204,201,192,188,194,206,221,245,254,212,207,230,241,222,215,218,239,231,249,205,195,237,188,189,207,188,243,212,218,288,235,185,175,184,179,218,219,326,196,187,195,180,189,192,209,188,187,195,178,227,255,285,246,218,252,247
170,264,200,215,247,245,225,224,214,222,244,266,219,255,194,201,209,200,197,188,204,204,207,240,246,214,215,238,264,229,232,227,230,208,258,181,194,240,180,183,194,197,245,204,217,261,231,190,169,195,178,204,196,298,177,178,178,189,175,177,208,211,186,175,185,207,260,279,223,227,261,240
171,266,209,217,233,240,224,225,218,218,241,251,208,258,197,211,197,188,205,209,198,214,216,225,247,213,211,238,243,231,237,215,241,225,246,198,195,271,182,210,202,189,251,199,223,276,209,201,169,200,185,220,203,296,190,190,187,182,190,191,203,201,181,170,189,219,241,276,233,254,256,253
172,240,208,224,244,225,225,252,225,229,251,238,236,254,192,197,203,188,185,196,178,208,221,237,257,214,208,223,239,221,232,216,234,228,239,176,189,250,197,202,213,182,236,224,214,274,229,197,183,190,202,225,211,303,181,184,179,175,191,179,214,201,191,187,191,236,244,273,245,226,246,232
173,264,212,228,218,229,223,232,219,214,252,264,235,248,195,213,204,189,199,189,199,201,227,230,260,221,191,235,226,241,216,205,235,213,235,174,196,243,178,202,192,190,234,203,210,266,203,195,180,197,195,211,202,307,193,179,181,179,186,188,222,181,204,192,187,234,237,274,239,223,240,226
174,254,200,203,228,232,222,241,196,212,251,254,231,234,179,208,203,198,199,182,190,199,209,231,238,210,223,225,240,237,219,204,231,207,238,189,182,229,184,196,199,193,233,206,200,235,215,186,194,192,202,219,206,289,183,183,172,188,172,176,219,193,183,194,179,222,225,280,235,231,236,254
175,254,202,201,214,251,225,235,210,215,256,254,219,241,204,189,202,194,189,198,190,194,212,229,249,229,211,229,233,236,224,207,238,215,235,189,189,215,198,194,208,187,248,202,208,303,214,190,177,188,192,224,204,280,186,182,186,186,182,183,222,196,184,193,176,245,232,288,231,234,243,219
176,260,209,204,233,256,222,238,206,205,261,259,221,193,185,195,201,197,211,209,197,189,206,236,239,210,216,227,233,222,211,207,224,232,239,205,196,256,184,195,206,199,236,205,204,284,223,184,176,190,199,214,204,284,200,187,176,174,180,185,222,204,200,193,187,229,232,281,228,216,246,245
177,275,194,206,216,279,226,238,221,205,252,239,233,219,182,206,193,190,197,201,199,195,207,232,255,218,200,243,245,217,244,216,212,218,222,195,196,247,190,195,186,189,234,208,216,273,212,182,189,210,187,241,199,246,199,191,185,176,176,187,212,187,197,179,193,216,246,273,239,240,238,255
178,254,201,199,228,239,219,224,208,203,249,242,224,232,195,207,188,196,173,183,195,202,203,228,246,212,209,235,236,235,236,211,223,205,221,198,175,284,186,202,186,205,231,209,213,267,211,199,183,181,187,218,192,333,188,192,180,179,185,195,213,190,194,178,191,241,258,277,239,240,255,227
179,249,200,208,227,267,215,238,208,204,255,254,210,233,191,195,194,191,206,191,190,202,204,232,259,204,216,231,251,236,213,200,218,209,210,191,209,300,191,187,195,196,241,219,216,275,235,197,183,191,186,229,208,319,185,194,170,182,185,186,218,183,188,188,177,225,245,270,240,242,249,236
180,243,197,201,230,260,220,239,204,203,244,237,215,227,192,205,204,185,185,190,184,192,214,226,245,219,209,231,251,232,238,218,236,211,212,198,191,294,181,202,211,189,236,224,217,256,219,191,181,184,175,219,197,304,189,180,175,179,172,192,221,197,200,186,186,212,238,288,231,236,256,264
181,262,198,201,240,249,249,244,224,248,224,250,218,225,190,203,193,216,198,180,186,197,207,219,244,218,213,223,236,217,218,207,220,218,210,194,193,302,179,183,199,201,226,212,207,271,199,188,184,189,180,219,216,316,193,185,174,174,175,181,194,181,193,188,181,206,230,269,233,224,237,242
182,242,200,201,238,252,225,213,209,216,239,243,230,225,179,207,199,200,192,212,194,205,200,222,242,209,203,226,233,229,226,198,223,223,207,188,193,283,194,197,182,180,221,214,221,260,228,178,193,181,179,218,197,285,188,186,169,183,168,182,224,188,190,193,179,240,234,294,231,231,244,256
183,257,212,209,225,278,224,244,212,200,242,232,221,212,200,203,184,187,197,181,188,216,186,221,260,212,199,220,235,220,218,210,222,203,245,201,187,261,187,191,194,196,232,198,210,221,221,177,178,188,190,219,205,293,186,195,180,189,172,191,214,205,199,201,181,232,267,292,235,238,244,243
184,252,218,195,233,236,220,231,205,219,239,248,222,218,192,198,187,191,187,185,197,186,206,209,251,208,217,237,255,249,211,209,226,204,258,195,200,259,193,198,198,198,232,204,208,230,219,185,189,189,180,215,203,319,194,184,180,178,192,186,225,186,184,179,173,225,250,309,231,232,237,243
185,270,191,199,232,253,242,243,219,205,252,259,227,224,191,206,191,202,188,187,191,191,203,226,245,209,210,230,250,222,227,210,222,210,221,204,187,241,185,201,201,186,240,204,204,224,209,191,183,200,176,218,219,319,187,189,189,178,192,187,214,200,193,197,189,208,246,311,236,224,248,238
186,260,209,207,220,254,238,238,210,249,238,242,210,237,192,204,185,205,189,202,180,204,215,231,251,207,204,231,248,249,208,210,230,220,229,189,192,231,186,198,198,196,232,208,209,233,210,195,168,185,181,220,209,329,190,190,170,193,180,176,216,211,184,194,183,213,256,288,233,238,236,242
187,258,200,193,228,248,224,230,205,219,249,251,219,222,200,194,180,191,190,182,198,200,198,214,258,202,218,222,240,223,220,201,224,216,223,184,190,275,194,198,196,207,241,218,210,215,204,186,192,196,184,229,206,320,189,203,188,199,187,186,205,202,182,191,186,206,243,302,233,223,243,236
188,281,213,192,211,261,241,240,215,204,237,255,237,228,183,206,184,196,186,188,191,196,206,226,250,195,206,236,247,235,224,209,230,222,218,179,182,268,194,205,205,191,246,208,220,212,203,188,185,186,191,214,206,299,195,180,184,181,189,186,212,191,190,195,189,225,244,299,228,244,256,236
189,275,204,203,219,235,222,235,213,204,243,236,235,230,175,205,189,190,193,185,188,196,209,244,236,204,192,256,232,235,224,192,221,221,228,172,183,236,176,194,203,197,241,204,184,226,208,189,191,183,191,222,218,289,188,193,177,195,183,178,209,182,209,187,192,228,258,320,249,221,234,246
190,261,196,200,200,248,230,224,229,214,216,243,220,238,181,196,192,188,190,194,197,192,202,243,254,207,210,228,255,222,225,201,231,214,219,185,192,254,182,204,207,193,246,217,205,230,224,190,202,187,189,226,200,292,191,184,174,181,171,177,210,205,203,184,184,235,247,314,233,245,239,252
191,262,208,199,220,247,236,223,215,227,254,252,210,222,197,224,204,199,194,196,187,212,219,230,245,192,205,241,242,239,222,193,215,204,219,201,191,228,202,191,194,198,238,202,213,249,207,193,205,199,180,245,203,316,188,183,171,188,184,175,204,208,187,185,174,227,251,305,232,223,257,251
192,271,197,212,221,244,230,233,213,200,249,258,210,234,197,214,187,197,182,188,187,204,192,228,248,202,204,232,246,244,227,200,230,212,204,194,196,246,177,195,197,189,226,186,200,235,207,184,178,209,199,223,205,289,181,187,172,190,187,165,212,205,183,181,188,223,259,282,213,230,233,245
193,252,204,215,207,247,230,238,209,205,235,236,215,233,192,211,181,196,202,193,185,196,204,219,236,192,193,224,229,212,219,210,215,210,201,178,193,215,185,191,217,179,242,206,190,251,229,195,187,189,182,228,191,303,191,191,189,182,181,183,210,190,194,176,183,240,247,267,243,246,253,223
194,264,209,218,211,234,227,238,229,207,226,256,237,211,175,197,191,205,196,198,183,193,204,236,232,214,214,242,241,230,225,194,207,212,223,199,184,226,170,196,194,191,245,220,192,245,219,190,206,188,182,230,194,290,195,186,178,176,179,196,211,190,194,180,188,206,236,263,240,237,231,242
195,257,193,207,226,249,245,247,200,230,246,256,231,191,197,209,190,191,190,190,190,194,195,234,243,201,210,220,235,233,224,207,241,194,221,205,184,225,176,200,214,181,234,218,192,241,214,197,176,201,181,222,206,281,184,198,188,183,174,179,209,194,191,185,182,238,262,277,230,225,234,248
196,262,205,210,217,244,223,252,210,211,223,243,220,200,183,209,202,185,192,189,191,197,206,232,225,201,213,234,221,235,222,212,221,223,238,182,181,210,186,189,196,184,244,200,189,230,221,191,190,194,188,233,187,264,188,189,189,183,183,174,222,189,192,177,177,207,258,281,242,247,229,256
197,228,190,205,229,241,227,226,198,203,235,250,237,202,190,211,192,190,188,181,192,194,204,223,230,213,218,229,253,225,214,192,229,222,235,198,186,283,180,201,182,202,243,214,178,241,211,195,185,189,191,215,198,273,181,195,178,180,188,173,208,199,195,175,176,207,250,266,230,252,253,246
198,242,203,209,224,238,231,242,205,223,232,247,215,201,188,213,196,196,195,178,183,186,201,216,240,197,209,222,249,247,224,203,220,214,223,189,187,266,186,205,189,190,245,201,190,241,211,182,183,188,193,237,177,227,179,177,175,171,178,185,218,183,198,181,192,235,233,272,228,242,241,244
199,248,199,210,236,233,236,212,210,192,220,252,220,204,197,205,190,189,202,204,190,188,205,223,228,201,220,220,247,227,204,207,217,206,217,184,175,264,197,192,201,176,234,213,202,243,196,182,179,187,187,221,197,267,194,181,176,191,182,180,209,197,206,190,181,219,247,279,237,236,239,246
200,240,207,198,223,236,231,240,195,223,223,250,223,213,191,209,196,195,193,195,197,203,208,215,238,196,194,225,243,233,228,206,227,202,209,184,201,264,191,198,183,188,244,210,203,244,209,184,193,181,192,216,198,265,192,186,181,186,191,176,205,189,195,192,184,218,263,284,234,233,244,240
201,235,205,167,199,239,224,234,219,241,210,244,224,202,188,203,191,190,184,197,189,211,209,218,234,200,193,224,236,229,212,193,220,220,216,196,183,267,174,193,210,194,246,204,202,255,206,194,194,189,185,228,206,243,184,195,187,185,179,185,209,211,191,190,194,220,258,266,245,227,232,250
202,244,199,200,236,233,226,223,227,228,239,234,223,220,189,207,212,187,184,192,200,196,203,233,249,217,193,217,236,237,243,206,222,211,214,190,184,268,188,204,201,196,239,212,201,251,201,179,184,192,189,227,200,294,195,179,183,195,189,181,227,208,185,210,191,216,254,274,234,231,238,247
203,236,196,184,220,220,230,224,213,206,241,240,216,211,189,208,178,188,201,181,185,192,221,226,247,201,202,237,246,217,225,191,223,212,210,189,184,265,198,196,196,194,252,210,197,236,202,188,176,193,174,237,212,281,190,192,174,177,188,181,232,190,207,215,185,215,267,281,251,249,241,253
204,239,202,206,213,242,217,247,193,221,218,255,218,202,179,197,204,187,193,198,197,181,198,222,237,218,199,231,230,236,214,189,233,204,202,181,208,243,173,200,203,201,238,226,206,252,213,182,178,185,177,236,205,262,189,184,175,190,183,183,208,204,192,204,179,215,239,291,239,224,232,245
205,234,192,185,203,229,219,226,208,228,247,225,217,221,184,194,183,200,185,189,194,189,215,220,241,207,199,227,235,243,216,198,200,217,218,192,175,247,194,193,202,199,235,215,193,251,188,180,192,203,199,240,204,261,180,187,176,187,186,186,210,191,182,188,185,216,235,278,236,232,226,230
206,231,215,206,206,236,234,243,206,242,254,247,205,211,208,186,203,203,208,186,196,193,199,237,255,209,211,222,247,223,229,200,202,207,203,192,178,237,189,185,215,187,243,203,209,231,191,181,178,183,175,234,209,252,173,188,184,175,195,186,200,189,197,196,177,231,250,265,229,229,239,253
207,243,214,204,217,250,233,223,214,199,245,237,234,209,190,178,197,199,199,193,194,213,194,236,237,197,209,223,243,216,228,195,220,209,207,180,167,239,178,208,217,187,248,201,202,231,207,183,181,190,184,240,198,294,184,186,173,182,178,187,201,201,182,193,169,221,249,282,249,227,234,239
208,239,207,187,229,247,225,232,223,203,249,240,228,225,202,194,190,192,197,185,185,204,192,221,234,203,200,232,241,253,221,197,224,221,192,179,174,222,171,195,198,192,251,209,207,250,197,194,180,184,181,236,207,289,190,181,177,194,188,186,214,193,181,191,187,230,259,281,238,232,244,253
209,237,205,213,207,247,227,228,227,227,253,255,227,215,185,193,190,186,192,192,188,197,188,225,242,192,207,225,233,230,218,203,228,227,202,180,189,264,192,193,208,198,230,214,195,209,198,175,192,194,205,233,206,271,179,189,186,179,192,186,218,186,197,191,183,227,241,281,233,250,230,239
210,247,184,186,223,230,233,243,206,192,230,242,221,201,187,171,188,196,208,203,204,196,197,243,249,193,214,252,247,226,231,196,238,203,215,193,187,280,191,185,205,187,239,207,193,215,206,206,188,182,192,228,200,293,189,181,183,178,176,189,213,215,183,205,180,229,241,285,230,245,241,241
211,251,199,196,204,238,206,221,214,236,244,260,214,200,180,198,195,199,189,186,185,189,192,231,238,201,206,220,234,240,224,191,219,225,203,185,180,254,181,198,196,200,228,224,215,206,198,177,189,190,192,227,205,282,189,183,170,181,176,189,210,190,195,192,183,231,238,270,237,249,252,237
212,233,190,201,206,239,221,229,218,194,224,258,210,204,181,210,182,199,207,190,195,185,191,224,253,203,203,233,235,234,229,185,219,205,222,180,193,255,183,195,194,198,242,217,188,203,202,186,186,194,188,243,207,263,180,185,185,188,183,177,216,199,184,191,186,235,262,309,232,241,236,244
213,248,215,208,218,232,215,235,213,221,217,241,236,211,191,186,193,185,195,181,208,193,189,227,237,186,212,223,249,217,215,203,219,208,200,182,181,242,196,202,203,186,238,204,197,200,203,189,178,183,197,231,198,254,184,181,178,173,177,185,211,189,204,194,184,240,242,286,238,235,247,223
214,246,193,192,220,256,237,227,206,240,227,264,221,208,188,196,189,188,201,185,197,199,199,224,245,211,205,237,234,220,222,194,231,208,219,194,189,253,181,182,213,195,236,205,206,222,204,185,179,179,177,229,194,243,180,191,172,173,188,177,212,197,195,188,179,241,242,300,232,237,229,236
215,240,187,196,222,244,239,221,207,212,217,241,230,209,200,193,187,189,196,179,193,207,201,229,241,215,201,233,230,225,221,201,214,205,212,190,183,250,173,197,203,192,234,214,213,206,195,191,184,167,179,218,202,266,194,183,176,177,191,188,205,207,193,186,185,235,246,304,233,245,235,252
216,241,203,202,222,236,230,243,200,243,216,239,233,212,191,196,196,192,190,190,181,200,202,215,254,203,209,222,247,228,228,196,228,216,199,194,191,234,183,190,203,196,245,213,198,200,219,184,184,193,176,223,205,266,173,194,169,189,180,176,206,191,192,198,177,209,245,292,220,222,232,251
217,221,191,205,209,228,235,248,216,238,223,245,220,211,182,190,194,187,195,190,186,196,203,237,254,196,195,223,251,235,217,191,211,210,214,184,190,232,182,189,198,196,251,208,195,195,201,188,188,200,173,226,198,245,184,185,169,181,204,190,215,181,180,186,169,239,252,311,229,231,228,253
218,247,195,207,244,236,227,241,204,251,222,250,232,224,197,204,189,192,202,191,204,178,192,235,236,207,203,239,243,239,214,193,218,207,200,185,184,217,190,199,208,196,245,205,193,219,196,185,189,189,193,259,201,258,184,180,177,181,183,190,210,199,191,195,173,203,233,310,239,230,254,261
219,238,196,205,221,230,224,251,184,199,233,255,229,192,200,201,193,203,179,201,186,187,196,247,241,201,200,245,244,227,235,184,221,193,192,193,178,219,174,193,214,180,247,207,195,225,209,185,188,184,193,241,208,255,177,184,177,189,196,187,214,186,196,190,178,192,245,285,249,229,255,223
220,235,189,187,221,212,218,233,209,243,231,251,233,201,192,207,200,188,197,207,203,202,193,238,247,209,203,238,227,229,215,208,230,215,216,185,187,219,179,183,206,195,250,211,191,224,205,191,177,195,181,231,203,262,191,196,180,178,192,183,209,189,199,205,172,201,252,291,240,237,247,238
221,249,199,195,202,237,222,230,211,254,205,263,238,189,197,206,197,216,202,182,200,190,191,225,234,191,202,226,253,220,216,196,229,212,203,200,185,213,187,185,194,180,248,211,191,215,222,188,186,193,185,218,207,245,190,189,177,182,196,174,219,193,204,185,171,239,233,304,220,241,235,237
222,234,203,203,210,228,218,234,201,212,214,248,234,201,184,198,183,180,194,198,189,196,197,225,250,208,202,231,234,228,234,186,235,205,198,191,183,240,196,186,204,196,243,205,176,219,197,185,195,192,190,226,202,245,188,180,188,178,205,178,207,207,203,195,191,211,237,279,222,226,222,259
223,255,197,205,216,253,226,245,198,241,217,253,223,194,196,186,190,180,176,188,194,202,185,234,234,188,208,224,248,220,228,187,215,213,222,184,187,237,183,200,201,216,261,200,184,214,188,182,188,189,190,245,207,235,180,203,186,178,181,176,214,205,182,208,188,217,243,277,224,238,246,240
224,240,182,192,211,232,226,229,195,228,244,241,230,199,197,193,197,202,190,207,200,188,202,225,252,212,210,239,251,221,217,202,236,215,214,188,187,273,184,184,197,197,241,198,192,205,203,180,185,205,187,241,191,235,184,186,177,178,189,177,216,198,204,184,169,247,237,297,232,232,230,241
225,231,192,197,199,219,214,241,210,263,218,252,223,190,197,186,207,195,203,179,196,197,196,230,228,193,197,242,250,210,220,181,222,216,205,184,181,263,187,183,187,191,237,209,186,219,206,193,193,186,193,241,204,237,185,191,178,180,187,182,224,197,192,192,174,222,235,291,234,228,249,234
226,230,194,197,203,237,223,230,201,246,229,247,224,200,207,206,197,181,191,193,199,193,196,221,244,197,200,251,260,228,230,190,206,212,199,185,173,275,198,201,202,190,234,204,207,224,201,185,192,192,196,233,197,228,190,185,186,177,187,175,203,195,186,195,181,211,244,310,237,233,239,238
227,250,204,214,204,239,231,222,201,235,221,243,225,193,191,206,203,182,201,174,184,198,195,242,249,206,210,230,235,229,222,203,205,211,198,186,185,282,184,181,194,187,247,220,187,205,205,175,190,184,178,230,197,274,176,188,174,187,184,179,218,194,188,195,189,217,217,309,225,246,231,243
228,247,192,197,206,229,228,256,191,247,224,244,222,211,190,193,174,181,200,184,202,192,217,225,259,200,202,227,253,233,218,212,225,217,203,180,179,269,196,210,199,190,252,206,191,227,220,172,184,189,180,243,208,267,189,186,177,188,170,186,212,192,182,171,185,234,227,293,227,249,228,259
229,264,203,216,229,245,236,229,189,229,215,242,210,182,186,200,194,191,182,187,186,185,201,226,231,194,198,217,254,223,220,199,209,214,205,185,174,265,187,205,201,204,236,215,188,210,204,185,188,202,184,253,209,280,187,195,188,174,179,169,199,195,193,178,179,235,233,294,241,229,219,240
230,248,193,197,207,229,213,239,211,251,233,244,208,196,194,193,187,199,191,180,187,197,192,235,237,199,201,233,247,213,209,194,224,218,189,197,182,274,184,203,208,199,250,205,190,222,215,175,186,188,182,238,189,270,193,197,186,182,180,169,202,202,202,197,187,221,241,300,227,246,229,260
231,239,198,194,207,228,217,215,209,257,208,237,236,180,200,199,184,200,207,200,181,187,191,228,240,202,188,232,256,224,230,198,221,215,190,180,183,258,191,202,209,187,248,218,184,222,201,192,173,186,187,226,209,266,185,194,186,184,178,178,213,208,186,175,169,218,217,288,215,244,229,232
232,222,204,201,212,221,218,230,207,205,219,221,231,195,192,194,183,211,188,198,181,205,196,218,250,200,201,239,260,214,212,189,232,209,204,189,180,253,188,173,196,182,233,193,196,208,195,193,182,208,191,240,188,267,189,183,186,180,189,188,211,208,202,198,176,234,224,296,250,233,243,250
233,240,208,203,214,245,224,232,200,240,233,241,227,204,188,199,179,204,187,181,181,199,200,250,243,196,196,245,247,229,223,197,220,205,184,188,186,268,200,183,209,194,241,212,188,220,213,183,180,177,184,223,210,262,186,188,182,166,190,174,214,210,201,186,175,229,224,302,240,228,238,246
234,247,197,195,216,234,233,235,196,235,219,249,229,200,186,208,198,189,194,185,185,200,207,215,246,203,205,224,247,228,229,207,216,188,196,190,199,223,171,206,194,195,240,208,195,210,216,178,192,180,181,250,215,267,193,188,174,194,176,183,215,209,193,181,178,218,227,292,241,238,245,263
235,225,192,203,223,223,244,243,205,256,228,239,232,211,194,187,183,185,189,190,186,189,207,221,247,199,203,242,232,232,203,189,224,216,215,186,185,250,193,192,199,188,260,222,181,238,216,181,186,186,186,241,201,282,180,186,181,176,192,185,195,204,193,195,173,226,208,318,241,239,233,243
236,254,193,208,221,251,236,239,202,252,222,242,243,197,189,187,183,196,192,175,197,195,195,236,239,201,213,239,259,241,226,188,219,209,206,182,187,239,174,198,199,202,250,200,200,242,199,190,183,190,189,237,208,272,194,196,172,182,188,182,202,201,195,197,185,225,233,300,247,222,234,230
237,259,185,200,219,245,218,234,200,255,213,242,211,209,196,196,173,186,207,201,186,190,197,227,250,207,212,234,251,250,224,198,216,212,182,177,188,242,187,193,202,182,234,190,206,220,199,191,195,189,194,243,213,270,187,192,169,178,170,199,199,214,180,181,169,230,219,286,221,244,243,260
238,245,184,193,216,219,230,236,203,241,229,255,233,216,190,173,176,203,190,191,183,178,180,239,233,206,205,245,237,245,215,196,236,220,203,178,186,238,197,195,187,179,258,200,198,223,196,205,184,183,189,246,200,263,190,190,185,173,183,181,200,197,193,197,168,224,234,298,214,233,239,253
239,244,195,192,213,222,231,233,207,246,227,254,223,232,189,201,184,183,182,199,185,196,195,225,255,199,194,234,243,219,229,193,230,204,192,187,191,202,193,190,204,197,254,196,207,203,217,187,173,194,200,236,208,266,191,196,185,177,198,186,230,207,195,195,176,229,235,288,240,248,244,246
240,242,195,191,209,227,236,233,209,245,229,245,219,204,208,202,187,188,188,203,183,192,200,241,240,190,208,251,231,236,219,203,228,205,202,196,197,237,193,183,201,198,257,196,202,201,191,188,191,181,187,236,198,261,182,182,186,172,182,176,195,217,195,197,183,217,225,297,236,228,230,263
241,250,184,204,207,232,224,228,204,243,217,250,223,195,196,186,199,181,194,188,190,197,192,241,244,197,213,231,262,226,226,197,219,207,204,177,180,220,186,188,198,193,233,204,193,201,201,193,180,196,184,241,208,264,180,194,196,184,184,168,205,226,197,181,179,237,223,290,246,239,229,252
242,247,193,193,221,222,238,256,203,251,218,235,236,197,199,188,187,184,193,176,197,181,205,228,248,198,211,230,245,233,232,196,220,197,205,193,188,227,193,204,208,196,242,212,186,215,204,191,188,190,174,239,205,274,181,181,178,175,177,184,214,214,198,178,183,226,233,304,233,224,246,256
243,254,180,200,213,235,229,243,210,245,220,240,214,187,185,203,181,171,202,183,196,199,196,243,248,201,193,235,259,232,239,203,203,209,205,190,208,250,189,203,205,199,235,222,199,195,184,200,187,174,190,224,210,251,200,182,192,189,178,199,214,222,183,191,181,222,229,305,235,231,240,262
244,226,192,193,227,221,229,234,197,247,230,246,232,207,205,193,186,196,179,200,188,183,195,243,240,200,199,221,239,217,220,201,231,209,196,181,177,238,193,185,193,194,241,210,200,201,193,194,193,189,192,239,208,260,191,190,170,184,202,176,215,218,204,187,187,237,247,311,241,225,231,262
245,242,196,210,206,242,245,228,215,206,227,242,230,207,198,201,191,186,198,189,194,198,201,241,244,205,207,233,247,234,239,204,216,201,209,191,175,222,184,204,210,201,229,215,192,208,210,185,174,196,177,245,214,248,191,174,187,202,179,170,209,228,193,203,188,245,239,284,257,223,241,261
246,237,189,187,202,223,236,228,204,256,232,251,231,202,207,192,177,189,193,184,206,204,204,239,246,202,211,230,245,228,238,190,209,202,186,195,171,245,189,208,193,186,234,211,193,208,195,182,181,186,181,234,209,237,194,185,184,182,181,194,209,219,197,187,178,212,208,316,230,223,242,244
247,253,195,196,211,236,223,242,200,248,212,251,228,202,205,190,186,190,197,184,194,192,203,223,226,187,213,226,254,233,237,200,220,210,190,186,183,241,180,196,190,178,249,207,185,204,186,173,182,188,188,232,195,249,187,180,193,184,187,189,226,214,188,181,174,234,235,301,247,240,244,228
248,228,188,199,209,251,230,237,208,255,226,243,235,200,199,187,185,191,208,179,188,190,191,229,244,187,199,202,244,219,225,191,204,212,205,206,185,252,175,192,196,191,258,212,194,223,197,193,193,183,176,243,210,249,193,202,186,181,183,170,192,223,204,179,180,227,250,301,257,231,261,249
249,254,196,200,208,239,225,246,193,257,250,241,226,209,187,184,173,188,189,190,199,194,204,247,236,196,216,235,255,232,234,192,212,197,204,193,177,233,195,209,195,188,229,202,195,218,206,190,178,184,180,239,207,220,183,175,190,186,202,178,200,209,188,179,189,226,234,291,244,248,239,254
250,239,195,208,200,226,237,232,207,213,217,241,217,206,203,192,185,191,174,193,188,187,199,226,245,216,196,252,250,216,219,183,227,202,196,173,186,236,190,180,191,188,231,207,189,203,191,183,188,176,192,235,198,240,188,192,185,189,193,178,209,215,199,180,172,217,238,297,239,236,245,244
251,225,199,199,198,227,231,242,213,261,231,243,224,196,193,192,188,189,200,184,188,200,182,228,243,209,193,240,260,235,222,198,215,201,200,194,177,233,201,204,194,199,243,205,188,203,203,186,179,189,176,234,208,249,189,183,182,183,179,178,207,204,204,194,175,221,243,332,235,259,248,243
252,229,195,220,210,242,228,242,209,243,238,260,219,199,192,195,183,190,184,192,201,192,192,240,247,200,214,241,247,224,231,192,227,214,189,196,199,263,191,193,196,201,241,197,206,208,198,193,173,184,185,241,206,245,171,187,184,176,184,172,217,216,190,191,190,229,229,298,235,225,258,244
253,232,195,200,213,247,236,237,202,199,222,246,226,195,193,187,187,173,194,189,190,184,210,231,246,188,200,235,248,231,223,193,208,211,202,179,180,252,171,189,192,188,257,201,197,226,209,191,188,187,180,231,186,237,180,192,168,173,191,178,205,216,201,197,182,227,244,302,239,228,242,248
254,221,190,204,210,241,223,230,202,260,237,249,224,188,197,179,190,187,199,194,191,202,193,231,245,207,192,258,256,228,225,198,205,204,196,189,175,229,188,188,197,192,243,210,196,207,214,193,183,182,195,243,196,251,203,185,181,175,175,192,202,205,208,198,184,221,246,315,234,238,249,241
255,234,198,204,196,244,212,228,200,211,217,255,220,203,201,184,184,185,202,201,188,191,208,235,239,211,207,251,248,234,231,195,211,195,203,195,182,217,180,193,193,180,238,199,208,189,201,178,182,190,181,234,210,251,176,179,179,168,186,188,216,215,197,189,184,221,240,295,235,233,234,241
256,234,196,209,217,230,217,228,204,254,226,250,224,181,192,190,184,183,192,188,195,184,200,240,246,195,215,226,258,224,248,186,208,210,178,183,183,222,191,180,194,182,252,209,200,223,199,189,181,182,187,237,204,236,174,193,179,176,196,184,209,191,205,189,181,231,240,305,241,233,242,237
257,238,184,199,203,240,224,235,199,241,216,262,244,182,192,204,183,176,191,199,195,200,202,220,243,195,201,220,273,227,223,205,223,220,190,192,187,210,192,201,202,194,241,207,189,200,204,186,172,187,194,223,213,236,181,181,196,174,176,181,206,197,196,195,175,235,234,316,238,234,232,251
258,222,188,189,216,221,232,241,206,253,233,261,210,187,195,197,193,191,191,176,194,202,205,227,246,190,196,208,248,227,236,188,214,205,197,183,191,247,182,187,204,192,242,205,197,194,197,180,179,193,184,235,208,231,184,183,180,175,192,183,203,199,197,189,187,210,244,302,242,247,253,244
259,229,177,185,213,238,226,229,202,216,211,241,226,191,192,198,183,192,186,175,194,196,206,218,249,199,217,235,244,237,223,187,204,207,201,183,174,246,173,188,197,185,241,199,193,205,203,192,180,194,188,260,202,220,182,187,189,194,182,180,213,215,205,190,169,223,247,299,234,231,249,259
260,222,194,190,202,237,243,231,212,245,227,252,224,197,184,195,195,190,177,192,194,206,200,219,240,193,220,231,266,219,230,199,222,219,189,187,181,207,180,204,196,193,237,201,195,209,193,196,191,176,175,236,209,213,183,188,174,178,179,174,212,201,200,187,180,202,224,284,233,246,233,247
261,234,192,194,220,241,226,242,205,206,236,230,214,198,192,196,190,197,191,186,190,202,205,216,242,190,204,229,257,217,243,193,213,209,185,176,166,244,183,186,202,202,236,211,206,203,196,197,175,178,200,237,207,270,195,190,192,182,194,176,208,217,188,183,186,227,240,296,226,219,249,244
262,222,193,186,220,223,228,254,214,238,232,244,230,200,198,191,195,185,187,186,187,210,201,241,250,212,216,245,264,240,235,187,216,225,197,195,177,231,184,189,214,187,241,209,192,207,205,193,182,185,182,230,213,266,164,180,190,192,177,191,211,205,189,189,198,235,232,291,240,221,237,242
263,229,202,188,216,223,217,242,210,244,223,268,218,197,193,182,176,202,193,184,190,181,190,235,243,203,202,233,248,246,234,194,215,194,190,174,175,234,195,198,205,181,231,221,188,207,202,197,173,192,181,228,207,263,188,188,181,185,188,195,218,195,187,191,170,205,234,293,243,236,240,251
264,232,189,202,213,247,232,241,213,247,235,241,219,208,191,181,173,179,193,187,188,185,199,228,251,203,198,231,276,226,232,188,210,207,191,198,182,239,198,188,205,204,251,190,193,200,195,197,177,191,189,234,206,260,182,182,172,190,174,184,224,202,200,178,167,237,224,306,248,240,250,231
265,231,193,192,217,230,232,241,197,253,231,248,212,217,194,204,190,191,195,175,185,193,222,244,254,202,199,233,254,233,225,192,209,218,187,180,194,237,181,182,220,200,256,208,193,220,197,185,186,190,176,232,209,261,193,183,192,179,193,185,231,197,187,195,183,240,232,303,231,233,245,238
266,215,200,205,230,235,238,245,197,251,224,236,226,193,185,189,179,196,193,177,191,184,193,244,249,199,205,242,258,244,218,191,213,205,201,199,164,225,186,201,198,191,246,218,189,219,195,189,194,188,184,233,221,270,178,196,180,196,185,178,221,200,179,180,182,238,230,292,243,231,232,253
267,230,194,206,204,226,233,257,204,209,214,237,250,194,203,190,182,183,200,179,194,176,198,245,262,188,211,216,250,229,223,182,227,223,182,188,177,230,176,192,192,216,245,216,177,216,189,185,188,179,187,238,202,268,183,172,184,165,189,183,205,203,196,178,173,227,236,277,243,249,229,267
268,234,196,203,203,235,228,239,217,204,221,244,219,199,191,191,187,185,200,163,184,183,207,231,242,194,217,240,251,236,234,186,213,219,195,188,191,282,178,179,202,203,244,194,195,212,192,186,196,187,195,241,209,259,191,184,173,192,181,175,221,222,187,188,177,219,241,300,236,225,242,246
269,230,197,188,224,228,239,243,215,247,211,251,229,189,190,186,187,192,197,194,194,184,192,241,243,207,206,217,256,247,221,195,236,204,179,197,171,245,179,192,189,193,243,197,175,216,204,196,194,191,182,236,197,256,175,177,174,195,186,191,212,200,186,191,183,211,245,299,250,228,254,251
270,219,195,198,213,242,242,227,210,248,224,256,246,194,202,197,176,195,187,194,195,181,199,221,256,202,208,239,255,236,213,194,232,217,188,188,179,215,185,201,211,200,246,216,201,196,202,199,183,183,178,251,191,253,190,185,175,189,185,181,220,202,207,191,183,217,228,282,247,230,238,249
271,211,196,197,212,239,226,259,206,241,223,244,231,195,189,195,185,178,198,183,193,205,200,234,235,197,207,239,261,238,206,185,230,204,179,187,179,237,182,193,176,182,236,206,185,217,196,193,193,189,183,258,191,250,184,189,186,175,188,188,225,212,215,183,186,203,220,298,238,237,249,257
272,231,206,204,215,223,250,238,223,250,221,273,233,190,180,183,191,192,202,185,186,192,209,237,250,206,211,244,253,232,232,199,219,212,186,193,182,264,180,187,198,192,249,217,184,192,193,198,178,172,177,232,208,263,182,200,181,187,180,192,216,210,184,181,187,217,226,302,239,236,252,237
273,246,190,209,213,214,221,248,204,254,236,259,225,207,190,193,186,186,202,184,173,194,204,231,266,201,210,229,249,244,223,197,211,199,201,194,190,258,190,188,196,190,241,184,188,218,195,184,185,185,181,227,193,243,186,181,177,177,171,194,212,200,200,186,172,221,227,297,232,223,256,252
274,224,193,208,213,241,244,234,196,191,224,256,211,191,194,191,181,181,184,191,181,187,197,226,242,179,196,247,260,238,235,187,208,207,194,181,193,284,180,183,208,194,241,214,203,212,197,172,167,191,185,247,219,253,193,190,173,177,188,184,213,216,203,186,168,219,243,291,238,241,254,238
275,225,203,193,215,234,217,249,215,256,230,247,238,201,206,189,187,184,174,184,185,194,188,252,240,206,206,246,257,236,226,193,231,207,195,176,201,266,183,194,208,194,251,222,198,218,205,186,191,186,189,224,202,254,183,189,176,168,167,182,203,206,199,180,193,208,238,291,239,259,249,245
276,244,194,188,209,236,226,244,211,205,225,238,229,207,193,188,195,189,193,198,187,206,190,237,245,205,195,240,254,222,235,203,208,199,208,191,184,273,175,190,203,206,240,204,184,218,192,198,187,184,191,246,207,253,187,175,181,206,182,169,215,198,207,180,190,208,234,303,229,246,243,248
277,240,202,213,206,221,219,244,202,206,224,250,238,210,191,189,181,183,190,203,187,193,190,227,236,192,197,227,253,213,238,193,210,195,190,184,188,261,182,202,186,186,226,208,187,216,206,194,196,182,196,234,206,247,175,183,179,192,188,170,229,195,191,199,188,229,224,278,237,231,245,247
278,236,189,196,196,227,243,241,197,239,238,233,225,193,186,187,195,182,180,192,177,199,214,235,241,202,202,244,259,239,231,188,229,200,201,190,192,261,191,198,197,199,231,198,195,212,195,180,194,189,183,230,221,247,172,193,159,176,187,177,211,205,200,183,182,224,217,294,255,237,232,252
279,237,197,196,196,235,242,255,214,245,228,249,218,205,202,180,181,180,187,195,183,193,188,240,253,201,205,246,256,229,236,196,196,200,181,181,192,265,190,185,191,199,252,201,196,216,191,197,184,195,193,241,208,277,190,182,183,173,189,187,203,206,178,187,171,209,225,288,249,237,239,248
280,228,180,202,221,243,240,242,210,268,240,251,225,192,185,191,189,181,184,174,187,191,197,238,257,201,207,244,237,227,245,196,212,217,187,179,202,268,192,183,210,192,236,225,196,215,194,195,181,185,193,245,216,258,187,196,182,182,186,185,222,195,206,190,178,219,233,293,247,234,239,255
281,228,201,204,217,221,221,239,201,242,231,253,228,201,191,190,194,198,191,187,182,184,200,251,240,201,211,236,252,241,225,185,212,214,174,180,187,266,204,196,210,206,259,194,203,212,188,182,175,186,186,239,199,270,200,189,183,176,180,185,192,458,194,181,180,228,211,298,237,216,253,265
282,231,197,199,213,231,234,244,208,219,222,247,233,203,186,197,184,193,198,193,189,189,205,236,262,185,209,238,235,218,213,183,221,223,189,194,189,231,187,188,226,196,242,204,186,204,195,186,176,180,207,240,218,245,192,196,187,165,178,180,208,489,195,193,184,228,226,288,239,233,254,249
283,237,211,193,201,241,236,229,199,259,227,257,212,195,195,201,192,201,185,185,194,201,183,220,247,213,198,237,244,222,217,198,214,223,190,194,197,217,172,192,195,196,244,217,186,211,199,180,185,191,187,232,199,258,191,186,169,179,181,183,200,508,231,188,179,226,237,296,228,242,229,248
284,232,193,191,213,231,222,239,209,249,218,245,242,189,198,187,191,191,198,194,187,198,192,246,260,204,218,214,249,232,235,194,212,216,195,191,192,258,188,201,203,187,241,206,191,215,199,206,187,182,189,233,202,272,177,186,174,185,182,183,220,501,225,192,182,223,231,295,237,223,238,246
285,234,195,193,224,213,244,257,201,231,228,252,234,203,196,191,177,178,187,194,192,191,199,246,241,188,195,249,256,220,243,185,214,203,181,179,188,290,197,187,204,197,241,209,192,212,191,175,182,168,182,246,212,246,186,175,174,188,188,175,233,484,223,196,169,230,235,298,228,245,238,267
286,233,198,192,211,234,223,255,181,232,220,240,237,200,203,190,180,185,181,188,199,195,187,233,252,202,199,233,246,234,238,191,203,202,198,184,185,258,193,186,200,190,235,218,193,223,192,180,179,171,185,222,200,257,183,179,184,173,200,190,222,466,243,195,181,238,253,292,229,235,245,239
287,234,195,185,187,225,232,237,211,253,241,249,218,190,189,193,189,181,189,193,192,198,193,245,261,203,200,240,236,244,217,194,222,214,193,181,186,278,190,188,202,191,260,216,200,202,201,191,176,166,184,231,218,259,184,188,179,186,173,185,195,475,242,180,172,237,227,320,251,238,228,244
288,232,194,185,227,226,238,249,211,253,218,236,232,188,187,202,189,189,193,199,192,203,202,224,235,196,215,236,243,223,226,193,216,212,178,173,176,289,182,191,207,195,242,203,196,201,193,189,194,176,187,227,203,269,185,175,176,182,193,177,248,470,229,180,176,214,209,301,234,241,256,268
289,246,203,182,212,233,230,244,208,235,233,239,240,193,192,188,203,183,181,188,187,203,188,247,248,185,208,231,259,226,222,200,219,194,199,181,185,283,183,180,193,208,250,213,204,214,203,191,185,190,182,233,200,252,184,196,173,185,182,190,196,448,258,169,184,223,235,307,232,235,232,227
290,221,196,200,218,247,222,240,212,235,231,246,237,199,175,186,191,202,183,195,197,196,201,233,246,201,213,229,248,235,226,192,208,208,186,178,183,274,179,189,188,187,247,203,181,211,204,184,186,189,179,221,194,256,182,185,183,188,183,193,218,474,260,190,184,215,256,303,243,258,239,258
291,255,203,192,222,220,237,233,195,230,224,273,243,201,178,191,178,189,176,178,177,203,189,226,251,200,202,241,266,228,232,180,228,209,195,200,196,264,188,197,200,199,246,214,204,216,200,187,186,179,186,242,208,255,180,178,191,168,176,183,207,489,241,183,189,202,223,292,253,224,255,248
292,224,193,195,223,213,231,231,201,254,236,248,238,221,203,197,204,181,184,182,197,211,192,254,259,201,201,238,249,224,225,174,199,205,196,182,189,277,182,201,199,174,245,198,196,210,199,184,171,190,195,226,205,237,168,179,177,180,178,175,208,460,248,191,178,208,228,311,232,230,253,248
293,242,192,196,207,230,223,237,212,247,213,253,247,188,189,181,187,189,192,187,198,198,198,231,248,196,197,221,246,215,226,185,222,214,195,202,193,256,173,200,213,196,245,200,191,220,198,183,199,174,186,225,207,254,178,198,181,191,186,174,206,455,254,193,186,234,241,303,242,224,254,252
294,244,189,195,209,228,255,245,208,245,216,252,227,203,186,191,181,194,185,189,186,199,192,226,225,189,194,232,254,220,217,196,217,199,193,191,190,255,194,193,195,189,233,194,201,215,202,186,188,189,193,228,202,241,197,181,182,181,179,188,206,457,251,195,189,217,232,314,250,230,240,247
295,239,224,202,232,248,230,243,203,248,222,246,214,195,188,175,195,187,194,195,196,200,208,227,259,201,205,248,227,219,242,192,220,220,183,187,188,243,191,200,202,201,240,219,190,214,197,189,184,187,177,223,205,254,191,171,193,183,185,184,207,449,253,189,173,223,220,304,227,235,234,246
296,236,197,201,208,233,235,249,209,236,222,257,230,196,188,195,193,183,195,177,195,187,196,233,236,197,193,250,275,225,217,179,211,205,188,186,171,259,186,196,205,188,252,210,205,218,215,179,186,196,180,237,204,253,174,185,179,190,172,187,210,483,270,176,176,233,224,292,243,239,255,272
297,232,200,177,194,229,242,243,195,237,235,255,226,208,193,192,195,186,194,183,185,183,189,236,242,204,207,230,248,222,221,195,209,198,195,181,191,275,173,202,200,193,259,219,196,203,193,189,178,187,197,245,197,258,181,190,186,177,186,188,222,483,265,172,188,216,235,302,238,242,252,241
298,231,205,199,212,225,230,252,196,252,221,248,233,203,186,202,192,186,189,186,177,212,193,220,234,200,206,236,236,227,236,192,204,198,180,172,191,253,179,214,188,184,231,216,198,205,193,184,176,175,194,242,187,257,179,173,178,181,180,189,212,482,272,187,194,236,225,309,236,255,232,239
299,229,204,200,208,241,232,233,204,267,224,269,241,206,190,193,189,198,191,198,174,187,204,234,242,206,195,224,253,246,239,201,220,210,193,181,192,247,194,190,194,195,239,201,198,201,199,182,180,185,182,233,213,241,190,188,176,180,183,191,211,476,245,179,188,214,228,310,241,221,247,246
300,239,201,203,216,232,251,254,205,239,238,240,236,200,202,186,195,197,188,192,197,197,194,217,253,202,203,245,241,233,230,187,216,199,192,185,177,249,176,193,198,193,242,215,200,197,197,185,182,183,188,232,207,236,179,169,171,171,188,168,213,495,262,181,181,222,206,302,224,250,260,247
301,245,205,215,211,235,231,244,190,197,241,261,237,200,196,195,183,189,182,182,189,203,194,240,243,202,209,231,273,222,229,198,220,211,198,183,176,247,184,203,201,204,229,212,197,191,189,182,183,182,188,229,201,245,187,180,171,183,190,188,224,455,260,188,178,207,232,293,257,237,249,254
302,222,187,201,228,227,235,234,208,246,229,251,232,207,184,187,191,188,189,198,195,190,199,245,252,209,221,230,266,214,222,200,202,208,195,186,195,277,171,196,195,185,244,189,189,203,206,179,190,179,192,221,207,237,173,185,179,178,189,190,214,470,252,177,176,236,234,291,240,230,270,240
303,244,197,193,221,239,231,242,214,244,220,264,233,203,189,181,192,189,196,201,189,190,201,232,235,199,202,244,258,237,241,199,212,206,207,200,193,234,178,190,192,178,233,215,191,197,203,179,184,187,185,217,208,249,188,193,184,184,192,187,208,494,244,186,180,223,231,322,260,238,259,253
304,234,196,196,223,222,233,254,201,238,227,261,222,207,185,196,188,190,198,187,180,197,196,231,237,196,204,229,246,234,233,195,223,208,198,186,186,259,184,200,197,204,243,219,185,202,199,183,180,168,188,227,197,265,190,192,186,191,185,193,214,482,274,190,182,226,207,317,248,229,250,239
305,236,209,209,217,225,233,244,206,240,218,251,221,198,180,186,197,182,199,184,188,186,198,231,262,204,205,227,267,241,246,199,199,205,197,192,183,242,193,203,203,179,232,202,188,214,211,190,180,189,196,215,202,242,186,182,176,177,176,185,204,494,274,178,182,230,228,295,230,251,258,263
306,223,201,203,204,216,244,241,196,235,219,252,215,204,170,189,184,189,188,185,187,175,209,211,226,206,205,239,244,229,230,195,214,216,190,185,176,241,179,192,202,199,240,221,194,194,205,187,186,180,190,240,197,237,176,173,171,196,185,179,201,479,264,191,173,217,218,302,244,233,257,270
307,227,182,203,209,231,224,242,203,201,221,260,232,193,195,199,183,178,200,193,184,198,194,220,245,186,204,240,249,217,237,204,209,214,178,181,183,209,185,190,205,183,240,207,205,189,205,180,183,194,183,221,189,227,186,176,189,183,179,191,203,487,203,181,177,206,222,255,232,230,245,258
308,246,198,191,200,227,224,232,204,198,241,249,234,195,188,190,184,190,187,175,192,207,198,251,250,210,208,239,250,224,237,188,212,206,179,181,180,239,189,197,215,182,231,209,197,195,197,189,191,173,194,221,190,248,189,179,185,180,177,191,197,500,232,186,177,214,225,314,242,237,253,234
309,246,187,202,212,213,216,228,190,195,232,249,224,192,201,204,192,191,187,189,185,192,203,229,225,202,211,247,257,245,229,196,219,209,193,194,172,211,181,203,209,178,237,210,191,201,188,182,181,197,182,261,195,250,171,168,190,176,180,178,200,498,195,198,177,221,206,264,232,229,243,264
310,224,200,190,204,232,227,244,196,227,219,242,230,196,204,183,194,199,189,200,194,189,201,221,243,193,216,250,257,235,233,195,212,215,198,182,187,231,196,178,202,193,248,205,194,198,202,186,193,187,193,227,196,247,185,191,172,189,177,192,192,452,215,191,180,228,218,256,243,228,252,244
311,230,194,192,214,228,244,236,203,197,234,240,225,202,186,178,184,196,197,196,199,190,199,221,260,197,199,225,251,248,238,199,208,200,189,179,187,210,190,189,198,189,247,207,183,198,211,184,186,183,177,225,197,245,181,187,170,171,188,192,206,473,224,189,188,219,209,277,231,250,245,244
312,229,181,209,206,219,229,235,199,200,241,238,232,191,200,193,184,174,178,199,196,196,197,227,257,191,211,247,255,226,239,187,225,195,196,184,189,203,177,200,226,200,242,225,184,197,195,191,184,176,171,206,216,222,173,185,180,188,175,192,216,495,195,195,168,215,221,286,226,241,240,257
313,242,185,191,216,226,233,250,194,207,244,250,223,208,193,188,194,189,193,197,188,193,197,245,262,194,218,236,271,243,233,203,215,199,182,191,181,232,195,186,199,189,242,222,187,206,188,182,189,185,191,248,286,253,180,191,181,173,172,184,208,502,254,190,183,216,222,302,235,232,239,244
314,241,202,192,199,228,248,237,196,212,232,245,213,180,185,188,182,187,188,185,190,195,194,242,244,197,208,240,251,229,236,191,203,208,195,190,182,205,190,186,207,189,252,204,195,200,214,182,199,179,188,222,210,229,185,181,175,171,194,193,204,488,209,191,180,202,209,243,245,232,228,254
315,246,201,188,213,242,244,230,217,226,234,253,236,196,176,194,192,200,195,176,184,190,191,223,255,191,192,246,259,234,238,186,206,219,188,196,189,212,192,199,200,175,245,212,193,201,186,186,189,184,181,250,225,240,182,186,182,180,181,181,204,471,226,185,178,217,213,256,229,228,250,246
316,244,194,192,209,232,234,252,204,220,240,240,217,195,186,178,183,185,190,188,198,186,194,222,256,199,197,258,257,238,236,198,197,222,193,206,180,219,183,183,193,186,245,214,195,191,185,189,191,176,200,261,283,262,183,197,196,174,182,192,199,503,235,190,190,220,240,289,244,247,248,239
317,239,195,199,211,246,234,257,201,194,224,231,222,192,190,181,200,178,181,202,182,184,198,234,236,191,205,244,249,226,231,218,216,203,204,184,178,195,189,184,209,188,249,213,195,195,201,179,179,186,178,231,226,241,182,195,182,188,182,190,212,471,204,186,185,204,210,245,232,257,251,242
318,237,184,198,205,232,231,257,203,234,226,249,232,188,188,205,183,180,193,184,186,208,193,240,253,183,220,249,260,229,231,195,228,197,202,191,190,224,181,195,201,178,242,201,181,187,186,184,180,189,189,240,271,228,197,193,181,181,190,178,206,465,248,191,168,229,226,272,243,233,250,263
319,228,199,192,218,228,230,237,212,225,232,242,226,187,184,190,194,201,177,186,197,201,187,224,258,206,213,235,254,241,250,190,219,211,194,186,187,227,175,181,212,205,238,211,187,194,197,189,184,199,185,214,238,249,180,175,179,161,189,174,189,490,237,191,170,208,211,259,229,233,236,266
320,231,189,181,219,218,239,229,224,205,233,235,231,204,194,201,198,184,190,183,190,199,196,228,260,201,212,224,232,238,222,197,222,214,195,192,182,196,169,198,211,190,241,196,190,192,194,184,192,188,181,228,235,241,179,178,194,188,178,174,200,464,203,190,193,221,210,268,245,233,264,262
321,240,188,186,211,235,228,240,196,202,231,239,231,193,204,191,186,194,190,201,191,182,206,235,258,195,212,247,255,247,236,205,227,192,188,186,173,218,190,193,206,184,238,217,175,192,190,184,177,190,184,252,297,245,185,182,185,185,196,184,214,497,225,185,184,207,216,261,253,239,271,248
322,230,186,193,216,241,240,240,218,198,219,253,250,195,183,189,184,197,196,184,202,182,206,235,269,195,203,249,262,247,239,190,207,210,184,199,183,236,189,204,209,185,250,217,210,203,188,183,185,175,192,234,326,246,188,188,182,174,192,180,197,495,248,175,192,232,204,278,230,240,253,249
323,240,199,203,196,237,237,242,218,215,229,250,236,206,177,177,196,185,179,188,193,192,186,230,245,187,212,228,249,244,221,191,218,211,192,182,187,234,184,197,217,207,241,203,191,202,205,184,192,186,196,236,283,249,176,182,180,174,186,178,205,485,209,189,185,190,203,278,219,242,247,263
324,236,204,204,187,239,238,237,192,197,233,255,243,181,187,202,183,195,183,183,193,197,189,239,246,188,203,236,265,256,241,190,208,204,198,194,197,205,184,185,197,190,257,200,185,197,203,183,192,192,181,245,250,263,186,202,190,193,180,182,210,495,205,193,184,196,218,269,254,233,254,253
325,226,201,201,208,222,250,240,208,207,214,254,223,189,188,191,171,186,181,193,190,189,190,239,247,205,201,246,261,227,241,212,227,199,199,177,187,208,189,199,197,198,243,211,183,207,208,179,197,175,198,246,227,245,179,175,179,179,176,180,214,469,197,189,187,215,204,258,231,232,252,247
326,215,193,195,206,239,241,237,198,215,225,262,233,201,192,194,210,196,202,176,187,204,199,224,260,209,206,247,272,248,238,199,220,209,197,192,182,239,192,173,202,194,259,224,181,212,212,188,178,192,184,238,244,240,172,180,188,193,192,180,197,468,223,189,191,209,208,275,238,244,242,246
327,245,197,189,204,244,233,243,212,211,213,256,249,189,199,190,178,184,184,182,204,188,173,239,238,208,201,253,272,240,209,185,216,217,178,181,189,222,183,212,209,188,241,209,187,203,190,184,179,181,195,246,329,230,192,176,176,186,192,186,208,474,207,189,176,207,230,289,247,229,261,247
328,222,200,188,217,240,234,249,214,208,219,263,244,187,199,179,180,197,187,192,200,202,193,235,254,192,202,253,267,252,237,200,213,214,188,173,192,222,184,200,192,181,221,222,188,200,204,190,189,195,183,233,224,234,186,187,170,175,196,176,215,475,193,180,184,199,218,282,238,243,243,259
329,231,182,197,217,237,229,248,204,201,237,270,251,186,184,186,194,189,197,200,199,212,202,220,235,193,202,251,261,233,239,201,215,228,189,178,180,211,175,195,203,190,249,226,187,180,196,174,193,179,199,222,241,246,191,195,170,182,192,177,212,457,210,190,179,206,223,266,252,231,262,264
330,227,202,177,214,231,228,251,199,238,221,247,232,191,194,190,177,177,199,193,200,199,186,234,251,189,206,239,265,251,243,197,227,210,192,186,183,199,184,181,199,204,233,216,183,188,187,179,195,193,184,271,304,233,174,188,172,185,175,175,221,490,220,187,178,210,224,263,240,233,249,242
331,237,193,201,211,235,246,244,199,223,228,257,219,193,196,188,184,187,198,188,193,190,187,221,239,196,197,237,263,250,251,207,212,207,186,183,176,222,182,207,206,182,237,222,194,195,197,190,191,196,185,261,264,233,188,175,183,174,185,170,203,498,215,178,185,217,204,280,253,223,235,247
332,224,189,192,219,240,246,243,184,215,234,255,245,197,195,189,196,205,184,186,194,195,189,232,242,201,205,231,252,243,238,198,191,203,195,185,181,217,191,184,198,202,239,216,174,201,201,191,176,170,180,219,236,219,185,176,165,168,188,185,210,487,216,193,181,208,219,260,234,228,245,252
333,242,183,196,204,239,227,246,200,218,219,247,230,191,182,185,187,185,209,195,191,190,202,232,230,191,209,261,264,214,252,203,217,215,209,193,187,211,196,191,204,200,249,212,183,205,182,181,170,193,182,262,292,240,184,181,180,174,194,180,219,496,197,186,184,200,221,261,249,250,245,243
334,220,206,194,217,229,241,252,192,225,220,236,234,202,193,182,191,187,180,193,185,206,180,237,235,207,199,243,269,234,236,197,218,218,184,175,204,216,188,190,206,197,242,204,187,204,187,186,174,197,176,247,313,221,183,192,178,180,191,168,222,488,232,194,182,211,229,266,236,251,252,252
335,223,199,197,219,241,233,251,192,203,231,252,232,185,190,204,178,183,202,186,187,206,194,238,254,197,194,242,258,239,243,183,213,209,179,178,181,221,177,199,198,183,250,212,178,195,210,180,183,190,195,227,287,232,180,201,185,182,193,185,222,477,230,194,182,226,213,265,236,236,244,250
336,231,215,196,214,249,233,243,188,198,209,251,233,205,184,189,188,195,187,193,197,193,197,221,257,196,206,245,273,227,228,202,206,208,202,187,182,202,194,186,222,202,248,199,193,203,202,199,186,175,174,246,242,217,186,195,187,178,183,178,199,479,227,185,177,209,222,297,246,241,252,261
337,230,193,190,215,237,243,257,195,216,211,245,239,203,185,179,192,195,178,193,194,194,187,229,238,173,196,223,259,258,220,195,214,209,199,187,189,239,183,195,195,188,245,223,189,193,199,185,184,191,189,279,266,251,187,178,182,193,175,169,225,505,219,197,175,227,203,283,244,245,230,264
338,238,203,187,217,229,223,244,194,215,230,251,251,199,189,203,184,189,180,194,181,172,196,227,245,190,196,228,261,254,234,218,217,201,198,186,183,216,184,195,206,185,244,220,196,202,209,196,187,191,195,248,280,226,189,180,181,178,190,172,230,455,217,187,173,205,233,274,255,233,249,261
339,234,198,187,204,244,229,242,192,194,212,248,251,196,185,195,194,180,191,183,192,185,200,231,248,208,210,246,261,244,243,194,208,199,188,179,185,201,191,190,209,198,250,208,193,197,195,175,185,202,186,251,226,239,168,171,176,179,183,180,214,473,216,191,186,219,210,264,243,248,243,263
340,228,195,201,196,229,231,249,212,217,228,252,235,190,193,199,193,194,194,197,198,178,197,231,242,192,222,240,259,244,236,197,211,199,211,180,179,238,192,191,211,187,252,212,192,209,219,189,191,185,180,291,335,259,182,186,190,187,180,187,225,488,265,199,181,217,222,276,238,239,252,246
341,228,202,186,210,230,237,244,207,196,212,256,234,190,197,188,180,197,190,177,200,190,202,237,246,187,200,237,264,239,228,191,206,191,189,181,190,195,185,191,199,184,252,219,189,205,214,190,181,185,174,233,210,227,182,190,185,185,196,171,205,462,206,189,175,210,221,273,230,251,250,255
342,227,202,188,219,240,241,231,202,204,207,241,234,189,185,192,190,191,196,184,195,189,191,245,242,207,208,242,263,239,243,197,217,220,200,185,193,227,186,197,223,179,252,204,185,207,197,186,178,188,189,226,310,241,191,186,184,175,186,177,222,461,241,184,182,223,220,266,240,223,246,265
343,241,184,192,219,230,236,248,201,215,228,246,235,197,188,196,196,182,188,174,182,202,173,238,238,192,199,231,265,235,224,192,223,207,197,184,178,221,189,198,203,205,253,215,189,207,198,178,191,195,194,253,273,243,184,173,179,170,174,180,217,486,223,189,188,209,231,284,253,238,244,272
344,228,201,196,204,230,235,257,211,200,215,253,219,190,195,190,188,181,211,182,190,198,192,244,244,204,198,246,255,241,231,203,221,207,207,182,197,202,189,203,198,196,259,210,199,182,197,183,191,174,190,231,208,198,185,188,186,175,193,166,214,486,210,191,177,230,208,266,243,244,238,265
345,236,196,200,213,225,229,243,201,226,232,262,229,190,180,200,186,192,187,196,182,187,186,236,248,195,208,238,249,249,238,203,224,207,202,185,166,221,196,202,207,185,247,218,183,215,209,194,181,191,189,258,329,254,184,198,175,184,176,173,233,464,235,175,187,224,231,265,232,224,248,240
346,234,191,193,214,230,228,237,197,216,229,246,233,198,213,187,181,184,188,182,182,203,186,237,253,202,205,246,255,239,242,181,225,200,182,185,178,192,175,190,204,197,246,209,184,201,199,178,203,177,187,228,228,210,191,183,178,169,182,177,188,490,198,183,190,221,197,240,248,221,254,246
347,223,196,179,203,236,235,252,199,228,222,242,252,197,191,194,198,182,189,189,200,192,195,229,249,212,198,236,252,244,224,202,230,209,181,185,179,219,190,196,221,194,253,217,194,204,201,195,188,178,183,248,239,262,175,187,167,178,194,186,214,449,202,195,183,205,227,278,255,232,251,255
348,245,190,190,209,222,238,246,214,243,233,245,234,201,212,193,191,203,170,179,185,190,209,233,251,205,198,239,266,221,246,210,229,203,209,203,178,233,193,187,203,189,238,209,181,211,194,177,188,193,183,241,328,252,196,190,182,192,183,183,208,471,235,174,179,221,221,286,233,246,258,267
349,241,180,199,212,236,231,249,199,224,235,243,242,195,192,192,184,189,199,187,182,203,208,230,253,202,205,244,268,250,232,182,223,199,189,178,179,219,181,193,209,193,234,200,185,212,185,186,180,170,194,237,286,213,189,177,185,177,185,170,234,465,213,180,172,228,215,265,249,235,240,250
350,223,188,195,208,242,231,244,198,210,213,238,239,198,193,175,189,206,204,190,196,203,200,227,242,211,199,243,269,230,226,204,209,196,190,180,187,225,193,202,213,186,239,215,184,215,181,191,187,184,191,293,309,232,181,177,190,180,185,189,211,495,223,187,170,220,213,281,232,240,251,262
351,236,192,193,219,222,221,243,186,218,231,245,235,197,207,186,180,184,199,178,192,191,204,240,250,188,203,232,279,250,233,198,215,218,189,197,182,223,194,216,220,197,249,197,194,211,203,191,179,198,185,245,315,246,179,190,178,171,189,180,211,487,239,180,183,222,204,271,246,248,238,242
352,229,182,187,207,234,232,250,206,202,222,245,239,199,216,199,189,191,200,183,198,202,215,236,270,188,211,240,277,231,244,198,207,205,189,189,191,205,191,202,204,209,249,221,177,201,193,180,174,180,200,233,215,222,187,191,181,178,201,190,206,490,200,190,184,201,210,240,247,233,260,246
353,223,194,187,207,219,226,243,191,229,217,242,245,190,205,196,188,184,192,186,194,196,204,211,242,198,211,256,270,225,233,195,210,210,188,189,179,228,182,194,189,195,250,211,196,188,200,186,179,193,179,224,289,223,172,193,188,176,191,168,232,476,240,187,185,219,208,267,246,237,253,265
354,217,196,199,193,234,229,233,201,200,208,251,241,206,205,187,199,190,181,193,189,202,214,231,247,206,195,243,275,232,238,194,205,219,189,194,176,213,190,183,204,189,238,207,188,216,183,187,184,202,180,220,268,259,190,176,182,178,184,175,207,483,220,196,179,210,223,260,246,230,240,257
355,246,201,210,195,248,238,246,208,247,227,249,228,200,197,189,194,186,191,201,204,186,187,226,258,201,191,238,276,240,239,198,222,214,193,199,183,222,182,193,216,189,242,212,186,189,201,186,183,189,178,279,375,265,200,191,169,176,168,192,214,476,256,192,187,217,205,276,255,244,249,272
356,227,194,194,197,229,235,238,183,238,239,249,232,200,193,188,187,196,191,185,202,197,205,252,247,201,195,253,278,234,253,198,232,214,197,179,189,222,182,193,211,192,259,210,193,199,201,179,176,196,188,230,248,257,189,185,173,182,186,184,207,493,200,194,195,216,208,276,246,246,255,242
357,230,188,190,212,225,226,253,215,216,217,245,249,175,185,191,198,198,183,179,181,191,195,239,255,189,187,255,256,217,232,200,220,217,207,183,187,204,182,183,215,196,246,206,192,206,187,185,183,186,199,248,254,227,184,169,179,181,200,184,215,490,250,178,187,215,215,277,234,249,251,235
358,217,194,193,210,230,249,252,203,252,219,236,240,190,208,188,179,194,195,183,193,195,201,227,247,197,197,253,274,230,235,190,204,212,202,197,185,233,183,199,215,190,256,206,194,189,190,183,182,192,181,302,286,231,179,198,182,175,184,186,248,491,243,189,191,247,221,281,240,244,251,267
359,229,194,193,191,237,223,238,199,197,221,264,232,191,217,189,191,183,199,193,189,191,199,241,245,211,197,239,262,237,223,190,224,207,190,187,187,198,200,199,200,190,252,196,191,179,191,198,194,189,180,239,245,253,172,197,181,180,193,179,209,489,194,192,179,217,212,281,258,235,271,246
360,231,181,204,212,225,247,252,207,229,225,254,239,185,211,201,193,194,189,189,196,188,215,233,271,206,213,251,289,234,247,192,232,210,207,187,179,217,179,197,205,191,250,225,193,195,186,187,191,179,189,235,255,268,191,193,178,185,192,183,219,472,250,190,186,227,222,281,226,232,252,257
361,224,211,210,217,239,229,235,208,206,227,245,236,205,206,188,194,174,190,192,202,194,196,235,227,198,196,254,269,232,232,202,221,216,181,185,202,232,196,196,204,180,247,211,180,202,195,189,185,181,188,253,246,243,184,187,192,173,188,184,202,469,232,196,176,212,221,270,236,247,238,261
362,219,201,198,207,228,241,235,189,207,220,244,247,193,198,186,185,194,191,178,184,190,186,231,261,202,206,266,270,240,258,199,203,208,185,175,179,219,173,179,207,192,250,218,186,194,199,191,178,206,184,280,296,269,180,191,188,181,188,190,201,490,206,189,180,232,220,269,231,223,248,254
363,245,188,188,217,231,223,238,227,257,214,248,230,193,207,184,185,184,188,179,193,181,195,234,240,207,221,265,259,226,242,190,215,207,194,200,176,224,191,209,204,191,250,208,194,202,197,188,179,190,187,264,373,234,196,193,178,183,182,184,204,475,239,190,187,207,232,275,261,244,258,251
364,216,184,197,191,240,225,237,214,226,213,246,245,202,198,194,198,194,199,191,195,199,201,234,251,206,212,240,273,241,226,190,215,200,183,185,183,206,184,201,213,190,231,214,197,185,197,190,188,194,195,240,240,242,178,181,178,165,173,167,208,485,195,196,177,218,207,286,232,232,249,260
365,238,214,184,198,231,236,231,198,214,212,235,233,204,196,199,196,200,198,192,190,195,193,245,253,196,210,241,264,237,232,195,227,201,206,183,177,220,183,191,199,196,241,212,214,189,191,186,186,196,186,222,284,250,182,181,181,173,180,169,195,480,214,187,172,205,222,264,240,236,262,263
366,241,201,183,210,249,228,239,218,200,211,261,234,186,198,191,181,186,192,191,203,188,201,225,254,205,197,239,270,247,231,202,228,206,193,174,178,221,177,192,212,186,246,212,195,205,188,188,197,171,184,228,264,236,189,178,175,187,175,180,209,492,194,190,179,201,216,271,230,228,242,267
367,230,201,190,212,247,232,236,204,227,213,247,220,192,195,182,189,191,199,185,196,207,210,224,256,205,213,245,267,235,243,197,224,200,180,192,179,220,182,200,216,192,231,198,192,186,203,185,184,196,200,219,246,228,182,193,192,178,174,178,189,488,201,193,178,209,204,258,245,225,257,253
368,224,190,186,199,238,224,257,203,236,208,238,242,203,201,192,194,195,186,170,194,195,208,242,239,192,199,242,278,240,230,190,223,223,193,178,176,219,181,184,199,198,252,207,189,192,190,190,183,193,193,229,230,246,190,182,177,196,182,191,204,482,199,187,185,214,210,256,248,220,241,252
369,250,199,197,199,240,237,257,202,200,217,240,235,208,188,189,188,186,192,187,195,197,186,243,257,186,212,266,267,244,238,194,213,205,192,184,176,188,188,188,202,177,240,199,192,191,207,171,184,187,193,228,256,240,186,188,170,178,194,183,195,479,213,185,178,215,227,276,233,236,251,252
370,229,196,195,199,244,244,227,197,222,206,248,230,191,193,193,193,186,196,185,196,197,191,241,249,196,217,231,260,244,220,194,228,208,191,179,191,190,186,184,194,181,231,203,189,201,187,189,199,186,196,211,213,240,181,191,192,173,198,190,197,509,195,187,177,200,209,249,262,262,260,237
371,234,193,193,199,229,236,243,205,214,220,239,242,183,185,185,204,185,183,203,212,178,187,241,238,204,207,254,288,253,219,207,232,202,196,190,176,224,197,207,210,183,247,196,199,199,193,190,185,182,189,244,256,231,184,184,174,195,179,185,213,455,190,182,180,219,207,277,238,249,238,259
372,224,191,192,197,248,238,234,209,201,216,250,238,204,183,186,205,190,184,189,190,197,213,241,249,182,206,241,285,235,237,203,230,195,188,179,192,211,178,203,207,186,258,221,189,203,197,184,184,193,179,226,290,253,187,188,173,189,182,194,198,470,223,181,187,212,225,284,248,238,259,269
373,246,193,200,220,226,254,249,218,234,213,251,223,217,201,192,200,180,183,193,193,209,196,224,268,202,210,247,266,248,233,201,232,196,193,191,189,223,181,192,216,190,238,201,199,193,187,194,182,189,179,219,219,256,182,188,190,187,191,190,194,462,199,186,184,209,213,271,262,253,233,245
374,223,202,193,210,251,221,242,221,194,228,251,252,198,193,199,191,199,191,192,208,178,198,248,249,195,209,236,255,254,226,193,225,208,199,184,188,226,189,185,210,190,244,194,206,207,202,198,168,181,190,229,297,244,182,170,169,188,180,184,214,471,224,198,198,224,220,299,242,242,257,277
375,229,194,197,213,239,224,232,200,221,224,248,233,190,198,187,181,183,190,188,190,193,197,252,249,196,213,257,260,230,246,197,223,188,196,181,183,225,186,183,198,178,256,215,192,185,198,187,184,187,190,218,246,257,181,187,177,176,203,183,205,480,218,193,188,236,198,247,232,250,228,259
376,227,192,206,214,238,228,251,198,202,226,243,242,183,189,193,190,193,193,200,195,178,196,221,251,203,214,248,267,247,243,181,222,209,202,196,184,207,175,190,213,182,265,200,192,195,201,178,180,192,174,242,256,247,197,186,191,185,175,181,198,482,198,196,171,213,215,285,225,254,263,254
377,235,203,201,204,242,223,252,208,197,233,251,251,188,194,185,187,184,196,191,195,193,188,235,248,208,200,249,283,235,237,200,235,204,206,185,177,229,194,190,200,190,248,214,189,191,186,186,189,181,187,235,303,255,194,176,175,183,201,174,231,478,227,173,164,210,219,295,262,233,259,260
378,219,186,203,200,243,229,256,214,212,222,248,238,193,198,187,200,183,175,193,201,205,191,236,248,195,202,258,256,222,225,201,220,217,198,188,169,221,185,199,205,196,252,207,181,181,195,188,185,189,188,227,235,245,183,183,187,186,187,174,203,485,202,187,167,212,212,253,232,242,242,260
379,226,202,205,191,238,241,244,218,218,233,260,240,195,192,187,187,190,188,202,203,192,191,254,233,187,207,247,265,246,238,207,230,198,187,191,191,243,180,194,197,180,257,196,193,217,197,165,195,203,183,233,264,242,189,176,181,186,196,169,206,466,220,185,187,204,215,281,234,237,261,233
380,230,201,186,207,230,241,240,206,220,223,232,249,198,187,191,186,185,188,190,193,201,201,246,240,191,190,239,269,217,244,199,230,202,187,180,187,194,181,179,215,184,244,199,198,217,206,181,189,194,186,228,267,258,179,176,184,178,178,190,208,493,237,188,174,202,219,257,243,245,242,251
381,240,190,191,193,238,248,244,200,237,217,249,237,196,206,190,183,185,177,185,203,200,209,244,250,196,227,244,270,239,225,185,224,192,201,180,177,221,189,204,188,182,228,202,191,191,195,177,174,177,180,208,241,263,187,183,174,181,184,181,199,498,200,196,179,208,208,264,255,240,246,269
382,219,187,203,208,237,238,254,206,228,230,257,235,199,196,202,188,202,189,182,195,201,211,245,260,188,200,234,274,233,241,208,214,199,193,202,196,225,188,196,199,175,239,200,188,198,189,200,192,179,204,249,274,236,196,195,182,179,188,184,221,482,250,201,183,215,227,300,246,232,239,244
383,204,201,199,197,242,212,241,203,198,220,240,249,216,192,178,194,190,189,194,200,185,189,252,253,198,203,248,270,242,248,194,229,208,201,191,181,208,193,210,209,190,237,206,180,208,208,174,192,192,184,226,232,262,196,192,187,191,186,188,215,469,200,190,185,213,227,265,247,227,265,282
384,230,200,197,204,219,227,234,195,254,233,252,235,208,201,188,196,185,194,183,199,195,210,235,245,198,208,243,266,233,247,197,214,209,205,197,177,235,185,193,209,192,268,192,195,196,200,192,176,196,183,242,261,250,187,190,171,181,203,183,197,489,225,184,167,224,212,282,249,256,258,230
385,227,197,209,213,251,227,245,205,208,234,262,238,192,189,192,199,167,182,190,196,188,201,229,260,191,205,258,273,232,235,211,198,210,190,187,179,210,194,186,197,199,251,192,198,193,202,192,171,184,169,242,256,267,182,184,174,190,181,183,203,478,207,185,181,207,203,263,273,247,231,248
386,224,196,200,199,248,233,237,206,212,235,245,245,185,190,193,195,195,194,189,196,190,179,245,261,191,194,250,273,252,232,198,208,214,197,192,177,232,197,210,204,190,240,210,183,196,186,182,192,188,187,213,224,246,188,174,188,182,190,178,206,481,207,179,167,226,213,298,240,243,240,271
387,232,191,197,213,244,241,224,219,218,223,258,224,202,196,181,180,177,204,188,194,202,190,246,255,200,208,244,273,237,255,207,215,215,183,186,187,228,191,195,195,197,247,205,185,195,201,181,179,186,185,232,267,263,184,177,179,188,180,189,237,471,234,185,185,236,218,275,237,237,251,268
388,229,186,195,182,236,247,241,210,206,227,262,239,202,204,209,189,190,186,187,182,192,201,240,243,192,200,260,256,235,236,205,214,195,192,201,190,228,183,187,220,192,246,197,195,185,189,198,194,183,199,225,245,226,184,195,175,175,171,188,214,489,211,181,184,207,215,274,241,239,243,267
389,217,200,206,207,237,217,240,197,212,211,259,240,202,187,193,186,185,195,185,200,189,209,243,234,205,192,241,268,251,252,191,216,204,188,195,179,242,193,187,218,202,234,196,202,204,203,197,185,196,172,239,272,251,180,183,191,193,179,182,247,471,237,175,193,236,220,279,240,222,258,260
390,224,194,185,208,236,233,249,213,210,225,240,217,207,175,204,179,190,190,197,178,193,194,243,260,193,216,239,274,240,241,197,217,216,196,193,178,211,188,196,192,188,244,210,177,193,185,187,194,181,180,219,202,225,189,177,172,178,183,187,219,486,203,193,182,209,223,261,252,225,258,258
391,223,203,207,208,235,230,240,207,229,220,262,238,183,189,184,185,188,174,175,186,188,209,220,251,201,195,238,278,240,235,203,228,202,184,197,181,219,180,197,211,187,256,200,200,197,195,185,185,176,194,229,236,244,187,176,178,178,192,186,218,456,211,189,179,217,213,271,240,243,258,263
392,228,198,188,199,230,221,247,192,214,230,225,253,197,194,188,182,178,195,191,192,177,198,235,234,187,211,244,257,233,223,198,209,199,198,187,182,233,189,197,196,198,258,207,182,202,191,178,171,175,182,250,329,239,187,177,178,184,178,175,215,467,226,174,184,233,209,271,238,244,239,253
393,214,186,194,221,242,235,227,214,224,230,261,247,194,198,189,185,195,185,184,192,189,204,239,226,193,215,239,272,241,230,194,216,201,190,196,181,232,184,196,187,182,241,216,187,185,188,190,184,203,192,228,241,242,198,178,180,186,178,195,224,494,207,191,184,229,223,280,242,240,262,256
394,227,202,196,218,245,234,257,212,258,228,261,238,192,190,185,184,184,196,203,191,189,209,244,246,187,200,236,266,251,243,192,206,214,178,181,181,232,184,202,210,173,252,215,181,215,206,189,181,190,191,254,294,235,175,176,171,181,185,178,256,467,209,191,182,221,225,341,240,245,231,253
395,221,183,203,209,232,239,238,201,228,222,262,238,189,198,191,200,189,194,202,196,184,199,227,244,189,224,252,266,243,235,192,220,212,191,195,186,231,190,195,208,197,239,201,197,197,197,181,183,186,187,249,363,235,187,190,185,186,185,174,237,487,202,180,180,210,225,320,236,249,240,252
396,236,190,190,213,228,230,243,207,243,212,252,249,187,188,193,183,185,185,187,203,198,200,251,255,192,194,240,270,245,235,204,225,185,193,186,185,205,190,189,206,189,231,222,191,199,193,184,187,191,178,212,214,231,182,186,193,185,178,184,218,479,205,178,176,207,211,259,230,238,237,260
397,236,184,201,201,233,244,241,196,225,227,252,238,199,189,175,200,191,193,182,197,183,191,243,245,193,199,257,260,239,248,205,219,199,190,183,192,220,190,196,180,188,246,199,196,211,206,186,185,191,191,266,286,255,187,176,183,185,180,184,272,451,220,185,186,204,222,313,238,236,247,263
398,221,191,212,201,250,216,244,201,241,217,250,232,204,194,201,205,200,185,184,193,185,187,255,260,189,196,246,261,228,234,193,226,201,193,205,191,230,178,199,205,211,252,209,178,186,189,183,187,196,183,250,374,232,176,179,187,165,181,179,242,493,239,187,183,223,216,307,238,243,257,261
399,215,196,190,214,234,224,245,208,243,226,247,239,187,201,185,199,191,182,187,183,199,203,246,255,207,212,238,258,242,234,195,219,189,192,184,176,210,193,207,216,191,249,215,197,194,195,184,188,190,205,268,275,226,180,181,180,181,170,172,240,469,235,199,174,222,238,307,228,231,249,264
